first_name,last_name,address,city,country,dob,email,password,phone,postcode,state
Bryan,Carlson,18942 Logan Trail Suite 909,Parkerton,VN,1982-10-13,bryan.carlson@hotmail.com,2elQU8LsjgX,4864663984,88073,CA
Sabrina,Allen,78076 Bryan Green,Port Gregborough,VN,2000-12-08,sabrina.allen@example.org,Km7{4%xPS23,0572592926,38234,MA
Timothy,Hughes,94100 Fowler Brook,North Banksside,VN,1981-08-07,timothy97@protonmail.com,6|8WImFsL2,8891850521,84504,VA
James,Bullock,91890 Flores Extension Apt. 593,New Davidfalls,VN,1986-03-26,jamesbullock@gmail.com,Zx+3mSN.@Gs,7924142348,04153,NY
Amanda,Parker,32421 Janet Bypass,Fort Derekmouth,VN,1994-04-30,amanda.parker@outlook.com,4A<wQ8Z_H<wh,0071201619,86320,ND
Sydney,Kline,54433 Aguirre Lane,East Wilsonville,VN,2000-08-09,skline@mail.com,46#o{OV^D]9,7448672325,21175,WV
Robert,Smith,93031 Natalie Way Suite 990,Noahbay,VN,1978-01-21,robert.smith@yahoo.com,pv1.5lpkHR9,9665519216,89741,VA
Deanna,Hayes,229 Parker Heights,Paigeside,VN,1999-10-28,deannahayes@outlook.com,fvacs?2V78L,8468231489,32823,HI
Juan,Dyer,23070 Pamela Route,Mount Aaronport,VN,1978-01-10,jdyer@protonmail.com,i)G&9{9_vX2,7169551297,21210,TN
John,Morris,13665 Angelica Rapids,Pageview,VN,1982-08-10,johnmorris@yahoo.com,xxRq1%Yk2X,2135671279,59342,DE
Tamara,Bullock,66956 Paul Drive Suite 397,North Graveshaven,VN,1986-08-02,bullock30@fastmail.com,s=C9}eqT^)Hw,6017062938,68895,HI
Liam,Griffin,4500 Emily Bridge,South Flowerschester,VN,1984-01-09,lgriffin@hotmail.com,jUM/p[};4E,0774266846,48232,UT
Danny,Gonzalez,70046 Hayes Trail,New Derekview,VN,2005-03-02,dannygonzalez@hotmail.com,X0*Y0f6aV,9906061339,77512,NE
Tammy,Parker,94211 Mckinney Drive,Port Carlsonhaven,VN,1984-09-18,tammy.parker@yahoo.com,KwS;It76pX2,0368162384,09032,ID
Deanna,Price,43865 Graves Loop Apt. 251,East Patelfalls,VN,1975-12-19,dprice@outlook.com,bX=NqLl9$r,3134194816,89098,MI
Joshua,Powell,54744 Greg Fort,Fort Antonioborough,VN,2000-09-07,joshua13@protonmail.com,C>Fdr}:D3sb,1391388984,34343,IA
Tammy,Morris,48328 Robinson Canyon,South Davidside,VN,1988-08-05,tmorris@protonmail.com,Q4}zf:O00,0371633091,44646,VA
Tamara,Baker,46628 Olivia Route,Tammymouth,VN,1975-02-01,tbaker@protonmail.com,J{$18K_s]p0,3738100632,17423,KY
Pamela,Allen,30733 Donald Drive,Ryanborough,VN,1984-02-15,pamela28@yahoo.com,yTY^bP1j:3)Q,5595156045,27315,ME
Ethan,Griffin,22652 Juan Way,Mount Howebay,VN,1992-10-12,griffin52@outlook.com,p7%R=YFi_+97,9115426072,89129,WI
Tamara,Smith,56781 Carlson Circle,New Patelchester,VN,1975-01-28,tamarasmith@mail.com,FJQv*y0UFm2,8913910190,05286,RI
Jason,Perry,64408 Farley Green,Jessefalls,VN,1975-12-08,perry43@hotmail.com,kH+O-eP7uW2,2772416091,08582,WY
Janet,Mcconnell,60194 Allen Parkways,West Howeside,VN,2002-02-19,janet81@hotmail.com,G=/3<GvkeX2,6990596938,50521,OH
Julie,Deleon,16599 Andrea Bypass Apt. 095,Fort Noahhaven,VN,1987-08-05,jdeleon@yahoo.com,9G)jbW$iX2,9053329358,63461,AK
Nancy,Lewis,33316 Makayla Trail Suite 238,New Rossford,VN,2003-07-01,nancy92@outlook.com,repsO:9KUV,3054239286,52976,WA
Richard,Robinson,42675 Leonard Overpass,Lake Copelandchester,VN,1985-05-05,richard.robinson@example.org,uNNF(}mz+q3r,8978209550,93729,NJ
Henry,Moore,12474 Rachel Grove Apt. 557,Christinaford,VN,1986-09-27,hmoore@outlook.com,dlvE9(0oUUo,3631994563,04890,WY
Andrea,Banks,84987 Christopher Green Apt. 293,East Gregoryberg,VN,2004-02-23,andrea78@mail.com,7Q3&$RHiz,2230948996,94684,CT
James,West,71674 Jason Street,Port Fowlerford,VN,1988-10-30,jwest@example.org,gAy/]N80dv,1812124789,89777,ND
Julie,Cardenas,83957 Watson Rapids Suite 028,Lake Hannahton,VN,1989-06-01,cardenas14@gmail.com,52^4nR.j#R,0920011643,53149,NM
Gabrielle,Wilson,27095 Sanchez Overpass,Fort Peterhaven,VN,1979-11-05,wilson10@gmail.com,e6kZfqy>4pJv,5850163976,34979,AZ
Sabrina,Howard,77463 Barbara Route,Port Tanyaview,VN,1988-01-31,sabrina.howard@fastmail.com,vl3M.b!C)lg4,5025983934,21858,NV
Shelly,Aguirre,10354 Morris Green Suite 305,New Tammyfalls,VN,2006-05-14,shelly7@gmail.com,T(&gbImi%7m,2197100972,71989,NY
Andrea,Robinson,89415 Brooks Circle,New Wilsonfurt,VN,2000-04-08,andrearobinson@mail.com,PH)E9a8r/M,3763707770,93023,PA
Angelica,Perry,8522 Christina Bypass,New Hayesport,VN,1987-07-20,aperry@mail.com,T{^fU=ZO3YXn,3595337689,63080,CO
Tammy,Roberts,16399 Christina Street Apt. 498,Tanyafalls,VN,1988-12-20,tammy92@protonmail.com,1kv{)0KGUy,9237307682,51469,CO
Molly,Deleon,91159 Diana Avenue,Bakerside,VN,1998-01-09,molly.deleon@mail.com,K6%po;Ft)D,3903369146,81962,IN
Christopher,Sanchez,29281 Wilson Throughway,West Shellyborough,VN,1999-08-15,csanchez@outlook.com,jC35>!z_I/p,4418394994,96857,UT
Roberto,Simmons,82616 Robert Extension Apt. 998,West Andrewton,VN,1987-02-25,rsimmons@fastmail.com,7uIN</mQ@20,8860055636,06651,OK
Juan,Aguirre,3240 Hall Trail,Patrickhaven,VN,1983-07-19,jaguirre@example.org,C4&|HVso!J,5359524122,68965,AZ
Tamara,Wilson,53932 Sanders Road,Fort Pamelaberg,VN,2002-07-24,tamara.wilson@example.org,GtWO(hIg43dE,9503844956,16889,NE
David,Holmes,75781 Flores Street,Fort Sarahside,VN,1996-03-14,david.holmes@mail.com,N8]7ppG?}}36,3724122950,07863,PA
Ryan,Hayes,63619 Krystal Road,Lake Derekview,VN,1993-11-08,ryan.hayes@fastmail.com,C5rzkamk>7,2826464117,05103,SD
Megan,Myers,44260 Long Terrace,Miaridge,VN,1995-03-29,mmyers@gmail.com,lKxWL_6[%EOv,4816250772,68091,ME
Paul,Perry,33357 Miller Harbor,Colemanton,VN,1992-11-29,paulperry@example.org,U?LQ_g;3{i,4641642741,82275,UT
Paul,Morris,61714 Tamara Fort,Jessicaton,VN,1996-12-03,paul.morris@hotmail.com,Bi({US57q,9098397677,06361,ID
Donald,Jones,38261 Emily Bridge Suite 502,Jessicaview,VN,2001-02-13,donald.jones@protonmail.com,rlZ[JtkE4,7682494803,31675,OK
Joshua,Diaz,78405 George Green Suite 263,Fort Kelseyland,VN,2000-09-25,joshua.diaz@protonmail.com,4fcNT]E^k<C,0318784853,20937,AK
Jennifer,Smith,77380 Natalie Brook,South Flowersridge,VN,1987-08-01,jsmith@hotmail.com,FKeK2.oqVv,8840331684,48086,OR
Ryan,Banks,70063 Wilson Overpass Suite 860,Reedborough,VN,1981-01-31,ryan.banks@yahoo.com,k8h6^-dcYOqR,1612239026,44094,MT
Barbara,Jenkins,23426 Christina Forge Apt. 528,Mount Christopherborough,VN,2004-03-14,barbara.jenkins@protonmail.com,qY0Pi!-T#j4,4002541717,40224,NC
Zachary,Reed,90066 Carlson Street Suite 260,East Lewischester,VN,1988-09-12,zreed@protonmail.com,7=9UvLJyf!5,8321376499,09598,WY
Aaron,Banks,25955 Darrell Parkways,Farleymouth,VN,1996-11-08,aaron.banks@protonmail.com,tV/6L$AtCw,3447897174,54078,NH
Timothy,Morris,470 Taylor Brook,North Tammyview,VN,1980-12-31,morris91@protonmail.com,9*!h)f1%|v+U,2058182671,36681,CO
Gregory,Copeland,35325 Sanders Brook,Lake Sandersfalls,VN,1983-01-22,gregory66@hotmail.com,HJ#tj[VJL=?7,6170555528,74348,MS
Roberto,Page,71801 Mark Bridge,Derekview,VN,1977-08-02,rpage@fastmail.com,5(@|0gv?FqjK,9730058115,34346,MT
Michael,Chang,12275 Taylor Green,New Kelseyridge,VN,2004-10-21,chang12@protonmail.com,QY>*zwN+*9,8829101407,45939,SC
Lauren,West,8602 Bullock Trail Suite 724,Williamberg,VN,1988-08-19,lauren84@gmail.com,Th@1isIiW<I,5727340005,44237,GA
Rachel,Hammond,38776 Makayla Grove,South Laurahaven,VN,1985-09-12,rachel95@outlook.com,eDd6F#ilT;v1,2576930217,00541,ND
Kelsey,Hughes,49246 Mary Street,East Lewishaven,VN,2002-01-07,kelseyhughes@outlook.com,eS-]vHY2k=j,0699771741,27223,VT
Molly,Cardenas,78872 Kelly Court Suite 048,Racheltown,VN,1985-09-05,molly7@protonmail.com,Z_k.a2@C9,2437921866,63293,AR
Stacy,Lewis,66149 Cruz Loop,Oliviamouth,VN,1993-12-24,slewis@outlook.com,eF2S#WB(8s,5564670955,21290,KS
Ashley,Jones,70037 Miller Heights,Miaside,VN,2001-07-28,ajones@protonmail.com,98+7k3EI0zy,0625099395,58825,NJ
Kyle,Wright,14141 Hammond Grove,Zacharychester,VN,1991-01-26,kylewright@outlook.com,HWZn#5j?nH[n,7358511829,53522,VT
Natalie,Valencia,21102 Paige Bypass Apt. 106,New Noahchester,VN,1975-06-05,natalievalencia@yahoo.com,ofv7SS{X4,0935268198,87058,WI
Noah,Myers,97251 Antonio Canyon,Fort Rachelborough,VN,1996-02-21,nmyers@gmail.com,P5mFNQ{F0e,9665825154,76236,AR
Logan,Wilson,42423 Jacqueline Harbor,Stacyhaven,VN,1991-12-09,loganwilson@outlook.com,7C6Z7}@FzP,1837562873,83438,WY
Katie,Cruz,39640 Kelly Bypass,Port Pricemouth,VN,1976-03-18,katie19@example.org,Fz_DqsrmcMZ4,6375995905,80752,OK
Zachary,Brooks,32790 Garrison Trail,West Cameronland,VN,1996-01-23,zbrooks@mail.com,WVUTB#18h,0553268685,24567,AK
James,Foster,22438 Tamara Terrace,Krystalville,VN,1986-09-13,jamesfoster@protonmail.com,4ON9VGyp%Zu,6015277534,25658,GA
Makayla,Jenkins,81014 Mary Overpass,Mount Wardtown,VN,1974-07-25,mjenkins@example.org,U7nf.@;zwtzs,6493928371,49461,AK
Tracy,Sanders,76167 Tiffany Extension,Mount Gonzalezport,VN,1981-12-25,tracy.sanders@example.org,zdH({e9I8:Qe,1918560965,36691,AK
Stacy,Graves,11495 Hall Brook,Weaverside,VN,2000-03-21,stacy32@example.org,Y(:go;He7zs,0601995536,83190,NE
Diana,Foster,64522 James Terrace,Mount Laurenport,VN,2000-02-26,diana.foster@hotmail.com,E%z0jsf3Sc,9515171450,95244,LA
Angelica,Morris,45841 Wright Trail Apt. 701,Mount Sabrinaborough,VN,1974-07-25,angelica.morris@hotmail.com,iWA+x60p*s,8252240154,34063,WI
Natalie,Morris,57599 Alexander Overpass Apt. 932,Port Florestown,VN,2000-09-06,nataliemorris@yahoo.com,y+4;JFFKqyn,0722980817,03957,MT
Brittany,Murray,22774 Howard Court,Ashleychester,VN,1983-11-01,brittany18@fastmail.com,PWOXr*N0d,6147172612,20081,WY
Lauren,Lewis,94217 Garrison Villages Apt. 452,East Kelseymouth,VN,1995-02-12,lauren.lewis@outlook.com,CeX;n8EZn,6798933712,39016,ND
Tracy,Stafford,25253 Myers Villages,Mount Michaelbay,VN,2000-03-15,stafford44@example.org,p}iHiMTi2reD,0125223060,17886,WY
Natalie,Bullock,86460 Bennett Overpass,Changberg,VN,2004-01-09,nbullock@gmail.com,Z_.3&*sCa,2801809587,86335,WA
Tracy,Morris,82817 Liam Drive,Port Antoniofalls,VN,1993-01-14,morris66@yahoo.com,Spy1QDsnVve,2374176862,51141,WI
Deanna,Hall,61568 Myers Trail,Deannamouth,VN,1978-01-14,deannahall@example.org,aX04G#qfwe,0744778182,90064,VT
Kelly,Price,13376 Jennifer Road Suite 163,North Robertoland,VN,1982-04-11,kelly84@mail.com,daB1[6?R=6,8804586756,41051,PA
Ethan,Wright,45365 Kara Way,North Hannahbay,VN,1974-01-31,wright46@fastmail.com,X8ZAok>kbwD,7614884254,59460,GA
Roberto,Hughes,37780 Deanna Court,Liamfalls,VN,1981-07-12,rhughes@protonmail.com,jql6b[W/>VL,1239866784,54302,AK
Elizabeth,Powell,9815 Jenkins Canyon,Michaelview,VN,1996-08-10,elizabeth18@fastmail.com,d*R6^i4iY,0706716996,81620,MD
Roberto,Powell,93988 Molly Court Apt. 519,Port Miaton,VN,1983-10-06,powell45@fastmail.com,W.@uX9[Zkkx4,2440716964,45011,OK
Danny,Jenkins,11543 Zachary Loop,Mount Liamfalls,VN,2003-01-16,jenkins12@yahoo.com,ahA.GULTp7,7513515290,51436,WA
Andrew,Morris,84463 Jessica Green,Farleybay,VN,1981-03-07,andrewmorris@yahoo.com,P.MSStI#h4G,6793870025,94762,WA
Taylor,Carlson,80586 Allison Throughway,Howeland,VN,1995-01-31,taylorcarlson@yahoo.com,1t&^Bz^aQ,0968665652,64221,ID
Emily,Taylor,27424 Antonio Brook Suite 929,West Sancheztown,VN,1985-03-29,emily.taylor@mail.com,u?TJmM1-m5;f,7554327627,54444,GA
Deanna,Simmons,94070 Robinson Fort Suite 359,Lake Ryanton,VN,1985-04-06,simmons99@protonmail.com,r?*9|V+^Q0,6234927451,88249,AZ
Greg,Bennett,4643 Paige Street Apt. 411,Port Martinezton,VN,1989-12-10,gregbennett@fastmail.com,2awc/V=G6,1492046890,59522,KY
Allison,Taylor,49941 Flowers Fort,West Cruzfalls,VN,2005-01-11,allison.taylor@protonmail.com,v&2@!F8;Grr,1548107080,98637,KY
Paul,Solis,18603 Mendoza Grove,Andreaville,VN,1977-02-01,psolis@yahoo.com,ypoEf43U6A,7604086023,72513,IA
Jesse,Copeland,2728 Weaver Heights,Port Ethanbay,VN,2000-11-21,jcopeland@gmail.com,RPv6V&=#Q,3401749540,57675,AL
Krystal,Page,52330 Kyle Court Apt. 511,New Brendaford,VN,1974-03-06,krystalpage@gmail.com,NI7ZdV/t%4z,8257024509,86647,KY
Jessica,Mendoza,94538 Lewis Grove,Reedport,VN,1992-10-12,jessicamendoza@protonmail.com,Wq:t/GIr/6Z,7191254152,74254,FL
Gregory,Kline,52273 Alicia Avenue Suite 357,New Solisbay,VN,2001-02-12,kline12@gmail.com,2o/!Po?eI9,7620281394,10442,ME
Justin,Farley,76819 Mckinney Extension,East Colemanfalls,VN,1974-04-24,justin6@yahoo.com,4nESk/d#ovaH,5779143108,65802,OK
Ryan,Hughes,2602 Sarah Islands Apt. 617,Mount Fowlerford,VN,1982-05-01,ryan.hughes@outlook.com,H*Uu45/OG,2877232566,28519,DE
Andrea,Smith,36236 Sanders Court,Taylorbay,VN,1996-12-24,andrea.smith@gmail.com,T!-G9hKEN7,6683615504,99496,MD
Donald,Martinez,86961 Angela Green Suite 098,Lake Shellyridge,VN,1981-12-25,donald13@gmail.com,A6mz#/JF>|L,7670739153,97977,FL
Timothy,Aguirre,89487 Allen Throughway Apt. 034,Garciaberg,VN,1980-05-09,timothy1@protonmail.com,Q}2p7<Tpy-d,6878231521,98171,WA
Jesse,Smith,83744 Miller Grove Apt. 283,East Flowersland,VN,1991-12-24,jesse.smith@yahoo.com,N!iXhm[RknY7,2252158482,28253,AL
Emily,Weaver,81332 Ethan Harbor Apt. 576,Lake Kellybay,VN,1996-08-06,weaver35@yahoo.com,7/?dTo&|G,6719168104,04519,DE
Roberto,Roberts,79874 Silva Heights,North Paigebay,VN,1994-01-17,rroberts@gmail.com,69V|k*Te_s,1782971447,47591,MT
Sydney,Martinez,30255 Noah Court,Reedford,VN,1975-01-22,smartinez@outlook.com,tC1:|=_16,1635005418,01469,MD
Olivia,Weaver,44035 Hendricks Islands Apt. 795,Lake Dannyfalls,VN,1983-08-17,olivia30@outlook.com,O:I2.QyE.%qJ,0718802640,26007,MO
Gregory,Gonzalez,96135 Copeland Parkways Suite 320,West Hammondport,VN,2000-10-09,gregory57@yahoo.com,j_R8SW*:g|b0,5792583713,32367,VT
Travis,Deleon,91250 Valencia Grove,North Silvaberg,VN,2001-03-31,travisdeleon@hotmail.com,9^!WQ9<S_gVy,6572951568,27099,LA
Richard,Parker,44056 Allen Court,Port Avaridge,VN,2000-10-29,parker76@gmail.com,aRK)A0&-qh#t,9069499589,17136,VA
Victor,Holmes,83677 Joshua Grove Suite 788,Port Ashleyhaven,VN,1998-10-03,victor.holmes@outlook.com,6c|HOV3Fa,5730129396,12060,OH
David,Sanchez,62411 Solis Parkways Apt. 196,Christinafurt,VN,1980-08-03,davidsanchez@gmail.com,w.^KSu43hm,0383208812,96898,OH
Laura,Williams,81870 Pamela Parkways Suite 206,Banksbay,VN,1998-04-20,laura.williams@protonmail.com,Eo#Nv1lUm1D,1036867597,30026,MO
Shane,Baker,12738 Ward Heights Apt. 070,North Avaside,VN,1996-10-05,sbaker@protonmail.com,Y9s<F4_qBVZ,4267062725,26683,WA
Stephen,Jones,85466 David Brook,North Robertoport,VN,2001-02-22,sjones@gmail.com,o*5|NH!r-6,9917255022,05866,KS
Mark,Coleman,24992 Bullock Circle Suite 824,Gregberg,VN,1976-01-04,mcoleman@protonmail.com,uy/:icyAd3,5370632091,80662,IN
Robert,Barton,28406 Hall Bypass Apt. 631,West Noahfalls,VN,1988-02-29,rbarton@hotmail.com,bkV3JN#?9,7784542831,49550,LA
David,Silva,87760 Fowler Court,Mount Cardenasridge,VN,1978-06-11,dsilva@gmail.com,i1BQK+}hp3,6868176132,82294,NY
Amanda,Jones,35042 Farley Green,East Jenkinsmouth,VN,1996-03-24,amanda6@example.org,S8KlMmw<Pw,6323315503,22025,AR
Tiffany,Gill,28757 Zachary Grove,West Antoniofalls,VN,1995-03-04,tgill@fastmail.com,eZu^=5x1K,6725341083,63152,OH
Julie,Weaver,43599 Paul Brook Apt. 313,Ashleyborough,VN,1993-04-23,julie.weaver@hotmail.com,8?_.&7bUgv,3256556845,18406,DE
Emma,Martinez,14394 Weaver Court Apt. 647,South Hughesport,VN,2002-04-08,emma55@outlook.com,a2KM.1PFx,7788127255,85347,AR
Jacqueline,Valencia,17354 Makayla Forge,Richardhaven,VN,1997-08-17,jacqueline.valencia@protonmail.com,JSGN+}5v*u,4417230780,87241,IN
John,Silva,68301 Megan Fort,Lake Howeland,VN,1980-09-29,john46@fastmail.com,f)rnq3r;L,5590200092,49073,MN
Liam,Lee,61253 Banks Bypass Suite 619,Fowlertown,VN,2002-01-09,llee@yahoo.com,F=7tO^CYE,3367004591,22023,NM
Katie,Morris,867 Stacy Trail,Christopherbay,VN,2004-02-13,katiemorris@fastmail.com,7Xsl/nXQ;E!T,8709972089,78606,WA
Stacy,Gonzalez,38281 Taylor Throughway,Pageton,VN,2002-09-22,stacy.gonzalez@example.org,uG%Mh9[>U,9573504688,99115,KS
Deanna,Moore,94225 Tanya Rapids,East Tanyaborough,VN,2005-04-11,dmoore@example.org,lwG4<*UN1+q9,3499390438,38737,CO
Travis,Hendricks,68826 Mckinney Terrace Suite 134,Mckinneyland,VN,2003-01-14,thendricks@example.org,E@=;LlZr1<9,7288778741,17572,AZ
Angela,Bennett,44101 Emma Throughway Suite 600,New Mollyberg,VN,2002-03-19,angela60@outlook.com,l@5jl[7Ws7FV,4490664216,25048,UT
Alicia,Long,53141 Ava Terrace,West Gregside,VN,1988-06-21,alicia14@outlook.com,k%JsO=7|?R}w,2825689557,55204,IA
Michael,Bullock,70447 Gregory Street Apt. 778,West Janetford,VN,1980-08-08,bullock57@protonmail.com,me>V1@3n0,5522358855,98946,TN
Natalie,Hammond,97318 Aaron Bridge,Whitneyfalls,VN,1993-01-28,nhammond@hotmail.com,fT&lTPx%w9k,1957368471,07243,IL
Danny,Lee,41753 Bass Green,South Stacybay,VN,1999-04-30,dannylee@yahoo.com,q9?x&ff:@M,4013121594,57114,PA
Robert,Cruz,78511 Lauren Road Suite 416,South Pamelafalls,VN,1983-03-07,robert.cruz@gmail.com,6{FRnM+9g7D0,0758697747,38242,KY
Stacy,Fowler,17262 Justin Canyon,South Deleonville,VN,1994-05-25,stacy36@hotmail.com,6^$poL?eHV,9361027028,66996,KS
Zachary,Flowers,89685 Martinez Trail,Phillipsford,VN,1999-08-19,zachary.flowers@hotmail.com,qulY]^y1Tq}O,4469333444,55170,NH
Sarah,Bennett,99094 Tamara Forge Suite 356,Hammondfurt,VN,1995-10-12,bennett80@outlook.com,5pMN#mRZY!zW,8044851132,49159,PA
Darrell,Weaver,65850 Howard Loop,South Patrickport,VN,2002-08-15,dweaver@fastmail.com,HM]38=q*O,8896655639,20867,NE
Taylor,Baker,99642 West Avenue Apt. 595,Brooksridge,VN,1978-01-05,taylor50@protonmail.com,2n5WG{3fxp{1,7530465596,15048,WV
Tanya,Mendoza,26631 Stafford Harbor Suite 622,Lake Klinebay,VN,1981-07-08,tanya80@gmail.com,WsMX(lq0]R5,2437758245,21815,DE
Julie,Carlson,33093 Martinez Bridge Apt. 177,Georgeport,VN,1994-10-09,julie55@yahoo.com,lL4|GJ(v2,0032107668,60931,CO
Bryan,Hendricks,51653 Molly Green,Lake Leeridge,VN,2004-06-08,hendricks79@outlook.com,K&$vRm6gk6X,2877825068,61187,DE
Brittany,Murray,79877 Lauren Drive Apt. 696,Peterridge,VN,1989-04-26,brittany74@hotmail.com,0IljllWx[J,0200048277,91686,KY
Mark,Fowler,22320 Kelly Green,Mckinneytown,VN,1979-11-18,mark.fowler@protonmail.com,G.9*z0h<l,5052831311,97484,FL
Ethan,Dyer,81216 Courtney Grove Apt. 844,Bryanton,VN,2003-08-03,ethandyer@protonmail.com,U0Nl9o#aK,2051674774,18006,GA
Taylor,Hall,1246 Simmons Islands Suite 611,Fort Aliciaview,VN,2000-06-25,thall@example.org,Q-JrvcM4J,5454013860,12398,RI
Deanna,Allen,38994 Valencia Brook,New Perryhaven,VN,1982-11-06,allen94@example.org,DC7dpw&fE;w,3264667509,70971,KY
Pamela,Flores,22888 Ava Islands Apt. 492,Klineborough,VN,1990-08-12,pamela.flores@outlook.com,ZqTp^9%!3,6062061884,94044,HI
Juan,Gonzalez,31632 Mary Extension,Fort Sancheztown,VN,2005-01-14,juan47@example.org,7K+Zs{]kcF,6037250053,91980,AR
Pamela,Pennington,7098 Mckinney Fort Apt. 337,Juliefalls,VN,1988-06-25,pamela.pennington@hotmail.com,R4|dYgr81,5651259444,59596,UT
Angela,Cardenas,33137 Timothy Throughway,Pageborough,VN,1995-05-29,angela39@outlook.com,8zfcz;A/G,7604627517,29195,LA
George,Farley,758 Powell Drive Apt. 449,New Laurabay,VN,1983-10-19,georgefarley@fastmail.com,c8$7gZ9X$qC,8591751502,59316,WA
Ryan,Gill,73662 Perry Hills Apt. 941,Hannahchester,VN,1974-12-08,ryangill@outlook.com,4H.bANYr13d,2727160137,86430,VT
Bryan,Bass,19034 Kyle Hills Apt. 017,Mount Deleonville,VN,1995-06-09,bryan.bass@protonmail.com,GMMSs%5AzII,2505112593,06280,AR
Andrew,Barton,88176 Donald Court Apt. 222,Colemanridge,VN,1985-12-01,abarton@fastmail.com,Bn7y/51iS7H,3105627326,31287,CO
Darrell,Martinez,8905 Fowler Extension Suite 629,West Sanchezborough,VN,1993-12-08,darrell.martinez@hotmail.com,Gt06q9m}%Q,1436739879,19726,SD
Tracy,Fowler,92004 Darrell Parkways,Fort Colemanland,VN,1990-04-01,fowler58@example.org,3)dT3ow8I,5857610109,03109,NC
Natalie,Bullock,64277 David Lane Apt. 048,North Kyleside,VN,1984-02-27,nataliebullock@outlook.com,I3(Ji1Yr^d,1242849428,17086,OH
Tracy,Farley,52445 Phillips Route,New Morrisberg,VN,1991-11-06,tracyfarley@outlook.com,M4F+<ZNsjukq,2262097838,32119,NE
Molly,Dyer,6502 Long Green Apt. 831,West Paulberg,VN,2004-10-23,molly44@example.org,4ko^p@ca?Qb,2716760383,55583,AK
Derek,Garcia,46819 Powell Bypass Apt. 440,Fort Darrellbay,VN,1994-07-28,derek61@hotmail.com,yDlXU^PuZ8,4851858848,24296,LA
Ryan,Stafford,58313 Amanda Road Apt. 963,East Fowlerridge,VN,2001-12-04,ryan.stafford@yahoo.com,U_vA2EQBzUeH,5411829745,53385,MS
Olivia,Fowler,71058 Tracy Circle Apt. 187,Michaelbay,VN,1975-10-07,fowler21@example.org,WmAZ#8UEd[}y,6054840515,17989,CO
Sabrina,Ward,4291 Donald Brook,Johnton,VN,1978-02-06,sabrina.ward@fastmail.com,waq{W(/>[_2I,9463429425,19427,OH
Ethan,Kline,19493 Jesse Grove,Zacharyview,VN,2005-01-27,ethan10@example.org,x8Q{_-:I[b,4849308805,28651,ND
Natalie,Bass,83282 Amanda Brook,Port Georgefurt,VN,2005-08-01,bass95@example.org,d#>&FpQ1.3,5192983635,62216,WV
Peter,Murray,54103 Travis Bridge,Pattersonchester,VN,1998-01-13,peter62@hotmail.com,R2@6uRjiXGgL,1321591489,71599,VA
Gregory,Hendricks,62932 Joshua Way Apt. 485,East Hannahside,VN,1992-12-07,gregoryhendricks@example.org,EzE6)*%5rSwY,6194096424,08633,OH
Allison,Gill,69190 Courtney Lane Suite 246,East Solisberg,VN,2002-07-12,allisongill@outlook.com,49.K<Ia4#9,6634046488,03270,NE
Mia,Kline,84905 Justin Loop Suite 103,Lake Cardenasridge,VN,1995-02-23,mkline@hotmail.com,ZIQz+z>d5KRZ,8394019418,30649,CO
Deanna,Rodriguez,39711 Kara Trail,Fort Taylorside,VN,1987-04-06,rodriguez4@fastmail.com,exI8B?)609,6881393162,61428,ME
Julie,Banks,61737 Stephen Terrace,Oliviafalls,VN,1994-09-22,julie69@gmail.com,7:lQi7)aiArJ,8045850208,48255,HI
Rachel,Bennett,33252 Simmons Heights Suite 846,West Jamesside,VN,1999-06-21,rachel26@hotmail.com,8>6jpoV0xm,6831894202,62320,VA
William,Farley,90315 Tamara Heights,Fort Avaford,VN,1988-02-11,wfarley@mail.com,x_ql!*K+@AT6,5665529017,41733,IA
Paul,Hall,14320 Danny Trail,Port Victorberg,VN,1988-05-02,paulhall@example.org,08tEE+%hqb1,1807323170,38502,IL
George,Reed,69670 Amanda Overpass,Tiffanyville,VN,2005-12-14,greed@outlook.com,CE<qh0=jv3Y,4020929301,16564,IL
Paige,Price,40080 Mendoza Circle,Howefurt,VN,1989-05-22,pprice@yahoo.com,TVEW/g>t51,5164211250,67080,NJ
Christina,Bass,35192 Nolan Overpass Suite 573,Port Natalieport,VN,2003-09-25,christina41@mail.com,7o9@#{C^I,6132245742,93701,ME
Aaron,House,16302 Richard Trail,Jamesfurt,VN,1978-06-15,house10@hotmail.com,mwUhqX5zO>i,1577133115,84019,SD
Victor,Howe,42081 Watson Circle,Lake Barbarahaven,VN,2004-12-28,vhowe@outlook.com,L[c3T+7|X3,2977473628,35684,UT
Jennifer,Aguirre,64240 Tammy Avenue,Williamborough,VN,1987-01-27,jenniferaguirre@example.org,H/syo{rRn5[i,2001456911,97268,NV
Juan,Aguirre,66991 Taylor Court,Lake Mollyborough,VN,2004-01-27,jaguirre@example.org,uj9CDqz+Y,2610786777,18692,AL
Shelly,Bullock,71374 Zachary Loop Apt. 350,Nolanford,VN,1994-07-09,bullock55@outlook.com,xo9Vii8WFat,2182403694,69477,KY
Ryan,Copeland,89847 Christina Parkways,Sanchezfalls,VN,1986-07-14,copeland98@mail.com,9epR1}&pMV,1774759784,42295,ND
Patrick,Silva,15740 Dyer Bypass Apt. 241,West Amandachester,VN,2003-11-19,silva29@gmail.com,Nx&7U0Wtk,3708308140,87976,WY
Henry,Parker,979 Patterson Parkways,Leonardberg,VN,2003-06-27,parker61@hotmail.com,CVssJ(4NtR.p,7601969255,42600,OR
Barbara,Parker,67540 John Loop Apt. 307,Colemanborough,VN,1995-02-05,bparker@hotmail.com,50uJ]gr@<H,4339555612,04486,PA
Liam,Wright,99231 Andrew Way,South Flowersfalls,VN,1996-07-23,lwright@fastmail.com,hHuv:1AtM,8173701291,91831,NV
Liam,Hendricks,46841 Christopher Terrace Apt. 333,Houseborough,VN,1994-06-05,liam52@fastmail.com,eNw9MB=yh,5712789383,05126,DE
Logan,Boyd,51603 Perry Bridge,New Stephenmouth,VN,1993-05-21,logan.boyd@hotmail.com,D?nqy|@U5,5246644930,57670,MT
Christina,Murray,88782 Griffin Hills,South Farleyfurt,VN,1982-12-09,christinamurray@mail.com,V]4aN8oB2ZJo,3564020213,30483,KS
Diana,Pennington,44605 Dyer Route Suite 741,New Tammymouth,VN,1974-03-07,diana48@yahoo.com,m>za&4%3A,8218557084,93706,UT
Mary,Stafford,88665 Noah Drive Suite 269,North Stacyford,VN,2000-03-09,stafford79@hotmail.com,up01)Er&#9,1254264367,11333,KY
Shelly,Brooks,11850 Valencia Forge,West Morrisford,VN,1991-05-07,brooks78@fastmail.com,D&&5DV4czHk,5965558695,01040,MN
Alexander,Gill,3181 Andrew Throughway,West Katieborough,VN,1999-07-27,alexander58@fastmail.com,L0n+?((/(F,5402418064,27894,ID
Shelly,Griffin,24495 Hannah Street Apt. 111,Kelseyberg,VN,2001-12-04,sgriffin@mail.com,2c(yG^3_bmk,5412399954,68015,SC
Logan,Aguirre,27141 Juan Forge Suite 319,Aliciaberg,VN,1991-11-06,laguirre@protonmail.com,CZe$!>RU9w3,0312534519,36472,HI
Timothy,Moore,88124 Liam Islands,Pagetown,VN,1998-12-22,moore24@mail.com,g-?2Z1^DHf3,5041205880,72298,OR
Mark,Fowler,23221 Gregory Throughway,Port Bullockside,VN,2000-10-04,markfowler@example.org,kAw8aKkA4*p,3631365164,15172,GA
Danny,Gonzalez,78775 Wilson Extension Suite 136,Bryanbay,VN,1988-12-26,danny.gonzalez@mail.com,B.Un;Rj;9O,9672443188,34462,MO
Nancy,Parker,76288 Murray Court,Lake Johnton,VN,1989-01-06,nancyparker@yahoo.com,3hkQj&TC|c,3508661853,39607,WI
Antonio,Reed,82734 Olivia Court Apt. 961,Mount Alexanderford,VN,2000-05-16,antonioreed@protonmail.com,TH=PKueh2,3043457624,99389,TX
Travis,Lee,30287 Ashley Brook,East Antonioford,VN,1991-11-17,lee31@hotmail.com,si#^$5.El,9046327164,22752,DE
Noah,Sanchez,93960 Taylor Grove,New Flowersborough,VN,1975-09-30,noahsanchez@hotmail.com,6oIW=$Aj51,0534134467,85060,ME
Danny,Brooks,18194 Tracy Heights,Fort Davidville,VN,1988-06-12,dannybrooks@yahoo.com,c3[Nv.L:{4,9642588941,17825,NM
Paul,Smith,13416 Angela Parkways,Boydton,VN,1995-08-23,psmith@example.org,6mkr2jY_$WhV,4217989816,81935,CT
Roberto,Diaz,64324 Dyer Terrace Suite 585,South Markford,VN,1981-05-30,diaz7@example.org,O>C^6%h;s,4594397693,35575,MS
Sydney,Morris,34974 Justin Fort,Dianahaven,VN,1988-10-27,sydneymorris@mail.com,X1o2=Un;o,2339869982,74531,MN
Zachary,Mcconnell,56574 Brittany Fort,Christopherville,VN,1983-12-02,zachary30@gmail.com,s2j@Y-p=Rqw8,0279648272,01472,NC
Megan,Wilson,81197 Barbara Villages Suite 500,Port Mollyport,VN,1976-09-12,mwilson@gmail.com,weo5b9-])Ba,2164170509,79534,WV
Timothy,Cruz,21220 Howe Lane Suite 657,Leeville,VN,1994-10-31,timothy32@fastmail.com,jAZ}5&e63a,6003275805,92419,SD
Stacy,Stafford,42405 Stephen Throughway,Paulborough,VN,2002-06-09,stafford87@mail.com,Vek#gEIt+L7p,0251858517,60534,MT
Angela,Price,35349 Christopher Harbor,Martinezview,VN,1989-11-07,angela90@fastmail.com,7/6a[k*zI(E,4915625241,97881,IL
Sabrina,Garrison,39573 Ward Overpass Apt. 619,East Aaronford,VN,1976-06-15,garrison32@outlook.com,FR/56+WxI,2393574421,51870,ME
Paul,Baker,32406 Coleman Lane,Ethanmouth,VN,1976-10-23,pbaker@hotmail.com,49o;MG(Rpt,4850240645,11966,NC
Logan,Gill,2421 Martinez Rapids Apt. 618,West Gregville,VN,1988-08-06,logan.gill@hotmail.com,LhJ{ajQ3i0n,5907659209,36404,IN
Andrew,Jones,72973 Zachary Loop Apt. 709,Laurenland,VN,1980-07-28,ajones@outlook.com,N^9[?B|gVGT,1040581455,69837,TN
Aaron,Ward,23272 Mendoza Throughway,Lake Allisonton,VN,1974-03-28,award@gmail.com,hd[#h1G<ph@U,3207153514,10763,MD
Hannah,Morris,43852 Bullock Rapids Suite 365,Whitneyton,VN,1998-01-25,hannah.morris@protonmail.com,01kh>R{<Q,5038128188,95788,MI
David,Stafford,84858 Ward Harbor Suite 598,Shanefurt,VN,1986-01-25,david99@outlook.com,45gh/n)BJcq,5065495999,94868,SC
Mary,Hall,95756 Shane Bypass Apt. 869,Fort Monicaberg,VN,2004-01-19,hall56@example.org,z+5-o&FyFko,0941031125,33706,HI
Danny,Patel,73281 House Loop,Christinafalls,VN,1981-06-21,danny.patel@outlook.com,Qwnw017<3Z|B,4906843644,89844,NH
Jacqueline,Wright,43020 Fowler Avenue,New Williamridge,VN,1995-05-09,jacquelinewright@example.org,L&%[HW9j3wj,8787766462,32601,TX
Patrick,Williams,9005 Fowler Terrace,Lake Hugheston,VN,1981-08-16,pwilliams@hotmail.com,a?]$6&!Gt,8241785815,40180,LA
Angela,Smith,69205 Hall Loop Apt. 694,East Oliviaford,VN,2002-04-22,angelasmith@hotmail.com,f/6[sDkFb,2979054848,22759,SD
Henry,Garrison,81319 Sydney Rapids,North Lauraland,VN,1993-12-02,hgarrison@example.org,9C|N&yPu=IX2,0302654797,27537,ID
Sydney,Boyd,47801 Parker Rapids,New Leonardside,VN,2000-11-23,sboyd@protonmail.com,q8P(}v5Y>Yyd,8043296844,42933,PA
Kyle,Rodriguez,33113 Page Terrace,North Patrickside,VN,1989-04-11,kyle72@example.org,7D]!)>qW}o%f,4336197794,69804,CO
Patrick,Hall,25912 Kelsey Trail Apt. 722,Jonesford,VN,1980-10-10,hall68@fastmail.com,5xApTAx+Q,2363058594,95001,CT
Christopher,Lee,88001 Deanna Loop,New Floresford,VN,1976-08-27,christopherlee@fastmail.com,yVX&Fy.2#D,5575428060,25926,NH
William,Sanchez,29478 Chang Court Suite 671,South Allenfurt,VN,1996-02-03,william62@fastmail.com,VwupO1oL4A,2115392115,05498,NM
Kelsey,Mendoza,65758 Stacy Heights,Laurafalls,VN,2004-05-02,kmendoza@hotmail.com,do/h{:4E%R,4626237886,70909,WY
Lauren,Parker,67314 Zachary Street Apt. 073,Cardenasford,VN,1995-01-12,laurenparker@gmail.com,Vrq%kc4no,6340497523,83955,NV
Ava,Garrison,74826 Carlson Extension Suite 964,Mount Travishaven,VN,1986-03-10,ava.garrison@protonmail.com,s|7>4DAJ>O,0151090437,03583,WY
Laura,Phillips,50060 Mckinney Way,Lake Aliciafalls,VN,2005-08-22,laura.phillips@example.org,zR&5yp&eu,5652489058,59778,UT
Angelica,Price,15892 Pamela Heights,North Ashleyberg,VN,1990-01-17,aprice@outlook.com,NFK<k_Clz9l4,1382074204,12714,NH
Mark,Dyer,27928 Mckinney Drive Apt. 822,Lake Gregoryland,VN,1997-12-02,mark47@example.org,fhm:s=7Cig8w,9546620187,67579,RI
Tanya,Cruz,80469 Stephen Avenue,East Jacquelineford,VN,2000-06-24,tcruz@protonmail.com,o8KZz--Dhyw,2845698467,23953,OK
Liam,Holmes,69107 Peter Trail Suite 556,New Allisonborough,VN,1998-12-17,liam62@outlook.com,Ey;r#98bm,8564841639,38314,MA
Andrea,Moore,30731 Victor Drive Suite 704,Mount Nancyfurt,VN,2002-01-14,amoore@outlook.com,z<t#4g;Wb4$R,7016606389,25370,AR
Tamara,Smith,87584 Sarah Grove Apt. 844,New Mooreborough,VN,1995-04-26,smith68@example.org,P)UTb4G0kzZ,4439323725,57010,MA
Justin,Parker,41522 Whitney Lane,Parkerview,VN,1994-10-14,justin.parker@protonmail.com,8l:F}Z]isTH,1569727026,61013,AR
Emily,Boyd,44128 Leonard Parkways,Aliciaridge,VN,2000-09-17,eboyd@fastmail.com,V7%Rx/-(dNtk,5427718831,94097,NC
Cameron,Howard,29530 Dyer Rapids Suite 074,Rossview,VN,1995-01-09,cameron33@hotmail.com,vHV&Ip{m14,3383630038,57825,OR
Julie,Bullock,4579 Sydney Bridge Apt. 709,North Brookshaven,VN,1979-11-28,bullock76@mail.com,9U:oIJ{w2,1973836131,96424,AL
Donald,Foster,73430 Rachel Rapids Suite 122,Bakerbay,VN,1987-06-27,donald.foster@hotmail.com,5u_6QVzJH,8285888202,84252,MN
Stephen,Hall,27832 Aguirre Street Suite 998,Sanchezview,VN,2005-03-19,stephenhall@outlook.com,NIFsnom.2sLZ,4392826692,55778,FL
Darrell,Ward,65073 Ross Loop,North Julieside,VN,1974-03-22,darrell.ward@yahoo.com,1@*AE)5lE;L,7742132850,35233,ND
Angelica,Simmons,82867 Angelica Loop,Fort Patrickhaven,VN,2003-08-12,asimmons@yahoo.com,oFDi>gVo;ro6,7668409763,91769,AL
Allison,Deleon,54968 Myers Street,South Courtneyborough,VN,2001-02-19,allison.deleon@example.org,7d4iiH*e7,0738506433,74679,UT
Kyle,Garcia,82100 Garcia Parkways,Dianamouth,VN,1979-01-27,kylegarcia@gmail.com,Eo8?77hpO8,5768422405,45542,IL
Tanya,Miller,90230 Monica Terrace,Patrickport,VN,1992-04-13,miller47@example.org,7MW<uG2XmiA,9541588042,18123,WV
Julie,Gonzalez,42124 Ashley Extension Suite 862,Port Tracybay,VN,2006-08-08,juliegonzalez@outlook.com,HGuO_J7L^g,4157387031,94772,NH
Jennifer,Diaz,65614 Taylor Grove Suite 415,Bakerfurt,VN,1988-08-27,jennifer18@example.org,v*sX)**UQC7,8981812624,22053,HI
Mia,Roberts,3690 Alexander Islands Suite 425,Lake Marychester,VN,1998-02-03,mia47@fastmail.com,3/_sfd7Emtjc,1644466014,76409,MS
Kara,Williams,90647 Ashley Green,Smithview,VN,1988-12-15,kara5@protonmail.com,q[:0){}X6Evj,6271471865,86671,IL
George,Morris,14239 Banks Overpass,Colemanchester,VN,1991-01-30,george73@mail.com,2hIwgL_I+A,1266884765,68133,RI
Jessica,Banks,45103 Hendricks Forge,West Brendaborough,VN,1990-03-05,jessica.banks@outlook.com,z4%;$K_r>L,1383252432,30583,SD
Tanya,Carlson,78833 Laura Green Apt. 657,Lake Courtneyland,VN,1988-12-17,tanyacarlson@yahoo.com,NRDug.&{W5f,1241889361,34652,HI
Kara,Graves,46190 Martinez Islands,Fort Liamchester,VN,2003-07-20,kara77@protonmail.com,l.QTOx05R,9069985015,29605,VT
Victor,Rodriguez,94541 Mckinney Fort,West Michaelville,VN,1984-11-17,victor.rodriguez@outlook.com,tXH7y{3Ri,1565997478,78783,SC
Diana,Martinez,19946 Joshua Court Apt. 245,New Holmesview,VN,2004-11-03,martinez67@hotmail.com,r?V7Gk/0PdZ,9640067736,22806,HI
Aaron,Rodriguez,29565 Henry Bypass Apt. 590,Fort Houseland,VN,2003-02-13,arodriguez@outlook.com,97R/f3%Yii,4848373134,96160,NJ
Richard,Brooks,26597 Leonard Forge Apt. 495,Mount Boydport,VN,1998-02-19,richard93@protonmail.com,0)1hCb-HfB,0014590846,37532,ID
Pamela,Moore,11015 Brenda Throughway Suite 785,Mollyhaven,VN,1991-05-07,pamela20@outlook.com,y{x]5k3<+Ea,2798683075,20210,UT
Taylor,Diaz,95470 Derek Hills,Port Simmonshaven,VN,2004-01-26,taylor63@mail.com,2_is5%X+R,6789044158,91432,IA
Emily,Fowler,81051 Christina Bridge Apt. 100,Mount Millerside,VN,1997-12-03,emily.fowler@gmail.com,6ZjXu72=J,2316612299,95409,WI
Patrick,Hendricks,63159 Timothy Court Apt. 855,Fort Camerontown,VN,1979-09-14,hendricks40@yahoo.com,APhdau{-mr8,4601970004,49090,NH
Christina,Garrison,18487 Sarah Grove,East Mcconnellville,VN,1989-12-01,christinagarrison@fastmail.com,A8vcg/R8Ux,5970490206,96675,CO
Barbara,Cruz,54868 Nolan Route,Lake Powellborough,VN,1977-09-02,barbara3@mail.com,EX}6FIk*GdT,0906848318,44159,GA
Monica,Kline,50337 Robert Forge Suite 680,Port Rachelville,VN,1980-07-19,mkline@yahoo.com,WJ>|T27uO,2295907249,39653,RI
Nancy,Powell,49665 Kelsey Terrace,Bryanhaven,VN,1993-06-28,nancy31@hotmail.com,l6=-B=1>(4,9316663447,06638,WV
Amanda,Boyd,26524 Pennington Grove Suite 131,Morrisfalls,VN,2006-10-30,boyd2@example.org,Pb@>F5+8hD,1787044495,08215,ID
Alicia,Leonard,35754 Kara Harbor Suite 195,North Penningtontown,VN,2000-08-30,alicialeonard@example.org,Q{BmsT0wnlk,4609901312,91401,CT
Katie,Jones,32706 James Terrace,West Brendaville,VN,1998-05-02,katie.jones@example.org,DU$9Q[(ed,3325381541,67498,KS
Jacqueline,West,96774 Stacy Avenue Apt. 592,Lake Williamston,VN,2005-08-05,jacqueline.west@outlook.com,K)UZ6eh).43,2064385372,84586,AR
George,Watson,50694 Lauren Terrace,Robertside,VN,1984-12-12,watson90@yahoo.com,brn1F-MedsO,0678702211,37386,WY
Andrew,Patterson,81120 Bennett Throughway Apt. 746,Pattersonchester,VN,1978-09-17,andrewpatterson@mail.com,KT++ly(u18x,0377383078,17088,IA
Cameron,Williams,68895 Gregory Forge,New Garciaville,VN,2006-03-25,cameron.williams@mail.com,6DQRZEd@}E5n,6803978871,41064,NC
Alexander,Powell,80451 Silva Bridge,Brittanyfalls,VN,2003-02-11,alexander.powell@protonmail.com,c#TB=3Elv,8293350337,66299,MA
Makayla,Perry,97829 Parker Bridge Apt. 245,East Kellyland,VN,1978-08-27,mperry@mail.com,M-ud<Y0b|E,8249449040,23550,UT
Janet,Hendricks,1724 Hall Forge Suite 575,Fosterview,VN,1997-04-27,janet.hendricks@mail.com,7(k-kghShV,1542669700,53021,NE
Mark,Garrison,59938 Jacqueline Drive,Peterville,VN,1984-08-20,mgarrison@example.org,HUo^&@y3^k,3362127282,76345,MS
Ethan,Sanchez,21018 Shane Extension,Lake Christinafurt,VN,1974-06-28,ethansanchez@gmail.com,FPop?j!v8S,8061996424,91419,OK
Roberto,Gill,34661 Reed Villages,Parkerview,VN,2001-10-23,rgill@example.org,xJB-l!1qWHE,8979931832,50063,VT
Sarah,Roberts,46355 Liam Rapids,Gregoryport,VN,1977-07-13,roberts91@hotmail.com,R}Q54&*vW[K,1904837880,21837,NV
James,Hall,99551 Kelsey Fort Apt. 868,Millermouth,VN,1991-04-02,jameshall@fastmail.com,J6(bZbqGc,7028259720,29159,OR
Michael,Hughes,13016 Hall Canyon,Taylorton,VN,1995-10-10,hughes45@mail.com,BxFe^Dw$4,1922210522,87560,NH
Paige,Powell,90036 Brooks Overpass,South Brooksside,VN,1993-09-22,paige.powell@yahoo.com,gZ1)IPm7Bm,3622911770,47112,MD
Julie,Watson,58592 Ross Way,Myersfurt,VN,2004-04-19,julie.watson@example.org,J{RiVOVdA94,5853996926,61077,NY
Whitney,Nolan,63916 Shelly Circle,Port Staffordland,VN,1991-05-28,whitney19@mail.com,x^+Vv5+kq,4185560703,75656,IN
Natalie,Watson,33358 Cardenas Drive,South Avaton,VN,1993-04-09,watson44@gmail.com,g7uQ<7:_N0hI,0762489292,78794,TN
Zachary,Cardenas,85746 Molly Heights Suite 538,North Jacquelineborough,VN,1986-12-02,zachary.cardenas@gmail.com,4}$1rFQHX8!4,3959944228,17311,VA
Natalie,Diaz,27087 Fowler Street Suite 566,Fort Floreschester,VN,1997-11-03,ndiaz@protonmail.com,fF2<9ba}q]D,4870532864,66963,RI
Molly,Chang,3810 Tiffany Lane Apt. 148,Mount Fowlerport,VN,1984-07-05,molly68@hotmail.com,ILwV8F8{u,2007765057,26006,AZ
Allison,Howe,20509 Ava Fort Suite 421,Amandaford,VN,1975-12-21,allison43@example.org,RFqq6=w:D@O,5087045359,57977,WY
Rachel,Kline,59755 Ross Islands,Robertston,VN,2000-11-27,rachelkline@example.org,104|UxQIB,1637904611,46863,IA
Patrick,Myers,86839 Bennett Canyon Apt. 619,Port Jonesland,VN,2000-02-03,pmyers@hotmail.com,7y>d=uPg[+T4,9603028909,40455,AZ
Timothy,Boyd,18247 Jason Court Apt. 901,Fort Jessebay,VN,2002-01-10,timothy66@hotmail.com,a11n<R9KgiK,5467353961,51257,NC
Mark,Moore,42196 Darrell Circle,Port Garrisonview,VN,1985-04-13,markmoore@example.org,Oko#i}hF0E,6282118976,96699,VT
Donald,Hammond,48899 Howard Green,North Copelandberg,VN,2000-10-25,donald.hammond@example.org,M.095>rGF(W4V,8333069825,72484,OH
William,Dyer,79408 Nancy Green Apt. 919,Lewisfurt,VN,1989-02-14,william27@hotmail.com,R_{_9Pjd1+C,0385514237,22326,OR
Elizabeth,Mcconnell,92605 Phillips Circle Apt. 497,Brendaridge,VN,1995-07-16,mcconnell72@gmail.com,7>rK=CSE<q,6577232161,86760,DE
Makayla,Flores,77747 Natalie Grove Suite 191,Fort Longchester,VN,1992-05-13,makayla47@gmail.com,i1b:&;GYh,5883145398,33721,WY
Paige,Long,7817 Gregory Green,North Cameronborough,VN,1981-08-29,paige.long@mail.com,pW.5bG;AwHlE,2470098360,31926,GA
Lauren,Silva,24330 Diana Drive Suite 079,Mount Barbaraport,VN,1986-11-13,lsilva@hotmail.com,f3:?W)#>eoY5,7750656844,46861,WI
Pamela,Parker,66274 Laura Circle,Jenniferbay,VN,1999-05-11,pamela80@mail.com,e3y*tU/9p{r,1238563343,44987,MO
Kelsey,Deleon,56908 Bennett Court Apt. 337,Lake Oliviabay,VN,1987-07-04,kdeleon@example.org,Ww&e6fmTSy,2427566175,42146,WY
Angelica,Weaver,70219 Jones Loop,North Williamchester,VN,1993-11-02,angelicaweaver@yahoo.com,oV4_.LY8,0006140150,51752,NC
Michael,Hall,89682 Farley Green,Fort Henrybay,VN,1977-03-02,hall25@outlook.com,j+q+<B08>e4,6634756567,99169,RI
Logan,Banks,32503 Elizabeth Parkways,South Ethanfurt,VN,1998-03-01,lbanks@outlook.com,wSN$gh7[^[j,9936840359,96948,TX
Monica,Kline,9317 Molly Avenue,Jesseberg,VN,1984-08-20,monica48@mail.com,u&w0#OVM0,9724714249,24997,CT
Whitney,Price,42239 James Bypass,Cruzfurt,VN,1996-09-19,wprice@gmail.com,HTi]}Gww0A,7953940588,72671,AR
Ava,Mckinney,98581 Molly Brook,West Garrisonport,VN,1980-07-16,mckinney75@outlook.com,1<#|EBaqnT,5156403805,95858,KS
Emma,Farley,54207 Mary Street Suite 544,Lake Amandaridge,VN,2004-05-25,emma.farley@hotmail.com,OPzG6+f?2,7975045674,29601,ID
Brenda,Patel,77985 Ward Lane,Maryfurt,VN,1995-12-18,brendapatel@fastmail.com,8&6b_E^SX,9872870578,17022,DE
Tanya,Price,9523 Emily Green,Jacquelinefurt,VN,2004-01-05,tprice@mail.com,hq01wssm<s)RIsf,7274531575,76504,UT
Sabrina,Dyer,52299 Emily Grove,South Boydtown,VN,2000-03-26,sabrina.dyer@example.org,FKdl5[1_8?x,5018696388,51725,OR
Emily,Copeland,80262 Joshua Bridge,Hannahchester,VN,2003-05-16,emilycopeland@gmail.com,K-RtR6xf=J,6022857593,06444,VA
Joshua,Howard,43171 Janet Forge,East Bakerborough,VN,1974-03-17,jhoward@yahoo.com,i/.c97#.NA$N,3813008249,93271,AR
Henry,Lewis,98388 Whitney Brook Apt. 478,Port Flowersland,VN,1991-12-24,henrylewis@fastmail.com,0aI4&UUF7j,6472909719,24832,AZ
Shane,Hall,14163 Tamara Bridge,New Krystalside,VN,1998-10-13,shane50@example.org,PB/}E/5Te}0g,5358504602,02776,NC
Travis,Hall,82398 Joshua Islands,Mount Bennettport,VN,1982-10-10,thall@yahoo.com,ug];E?5q(X,4754824065,83113,OR
Paige,Mckinney,15025 Kelsey Parkways,Emmaridge,VN,1996-06-18,mckinney67@gmail.com,Ag8u.!2R&m,0844919177,23465,WI
Antonio,Silva,60912 Roberts Harbor,South Gabrielleton,VN,1979-01-07,asilva@mail.com,ze5V6h%18,+6m,1836229118,13368,NE
Brenda,Williams,45402 Bass Canyon,Mount Martinezborough,VN,2001-09-09,brendawilliams@fastmail.com,Qb/h|XVi5qsq,0761729694,66779,PA
Kyle,Hammond,10245 Page Forge Apt. 569,Graveshaven,VN,1975-06-30,khammond@fastmail.com,28%x_qs5NR,7067797953,90963,IN
Jesse,Smith,11341 Angela Trail,Mount Richardside,VN,2000-07-08,jesse.smith@hotmail.com,5>k8mg3sXso5,8607715417,22215,NC
Gregory,Foster,93464 Lauren Lane Apt. 878,South Krystalborough,VN,2004-08-27,thuysq78@gmail.com,5>k8mg3sXso5,8607715417,22215,NC
Gregory,Foster,93464 Lauren Lane Apt. 878,South Krystalborough,VN,2004-08-27,huysq178@gmail.com,5>k8mg3sXso5,8607715417,22215,NC
Gregory,Foster,93464 Lauren Lane Apt. 878,South Krystalborough,VN,2004-08-27,thuys78@gmail.com,5>k8mg3sXso5,8607715417,22215,NC
Gregory,Foster,93464 Lauren Lane Apt. 878,South Krystalborough,VN,2004-08-27,thuyq678@gmail.com,5>k8mg3sXso5,8607715417,22215,NC
Gregory,Foster,93464 Lauren Lane Apt. 878,South Krystalborough,VN,2004-08-27,thu078@gmail.com,5>k8mg3sXso5,8607715417,22215,NC
Brenda,Williams,45402 Bass Canyon,Mount Martinezborough,VN,2001-09-09,bre4dawilliams@fastmail.com,Qb/h|XVi5qsq,0761729694,66779,PA
Brenda,Williams,45402 Bass Canyon,Mount Martinezborough,VN,2001-09-09,brendawillis@fastmail.com,Qb/h|XVi5qsq,0761729694,66779,PA
Brenda,Williams,45402 Bass Canyon,Mount Martinezborough,VN,2001-09-09,brlliams@fastmail.com,Qb/h|XVi5qsq,0761729694,66779,PA
Travis,Hall,82398 Joshua Islands,Mount Bennettport,VN,1982-10-10,t1hall@yahoo.com,ug];E?5q(X,4754824065,83113,OR
Travis,Hall,82398 Joshua Islands,Mount Bennettport,VN,1982-10-10,th2all@yahoo.com,ug];E?5q(X,4754824065,83113,OR
Travis,Hall,82398 Joshua Islands,Mount Bennettport,VN,1982-10-10,tha3ll@yahoo.com,ug];E?5q(X,4754824065,83113,OR
Travis,Hall,82398 Joshua Islands,Mount Bennettport,VN,1982-10-10,thal4l@yahoo.com,ug];E?5q(X,4754824065,83113,OR
Travis,Hall,82398 Joshua Islands,Mount Bennettport,VN,1982-10-10,thall5@yahoo.com,ug];E?5q(X,4754824065,83113,OR
Shane,Hall,14163 Tamara Bridge,New Krystalside,VN,1998-10-13,shane150@example.org,PB/}E/5Te}0g,5358504602,02776,NC
Shane,Hall,14163 Tamara Bridge,New Krystalside,VN,1998-10-13,shane520@example.org,PB/}E/5Te}0g,5358504602,02776,NC
Shane,Hall,14163 Tamara Bridge,New Krystalside,VN,1998-10-13,shane530@example.org,PB/}E/5Te}0g,5358504602,02776,NC
Shane,Hall,14163 Tamara Bridge,New Krystalside,VN,1998-10-13,shane540@example.org,PB/}E/5Te}0g,5358504602,02776,NC
Shane,Hall,14163 Tamara Bridge,New Krystalside,VN,1998-10-13,shane550@example.org,PB/}E/5Te}0g,5358504602,02776,NC
Shane,Hall,14163 Tamara Bridge,New Krystalside,VN,1998-10-13,shane5660@example.org,PB/}E/5Te}0g,5358504602,02776,NC
