Username,Password
user001,123456
user002,123456
user003,123456
user004,123456
user005,123456
user006,123456
user007,123456
user008,123456
user009,123456
user010,123456
user011,123456
user012,123456
user013,123456
user014,123456
user015,123456
user016,123456
user017,123456
user018,123456
user019,123456
user020,123456
user021,123456
user022,123456
user023,123456
user024,123456
user025,123456
user026,123456
user027,123456
user028,123456
user029,123456
user030,123456
user031,123456
user032,123456
user033,123456
user034,123456
user035,123456
user036,123456
user037,123456
user038,123456
user039,123456
user040,123456
user041,123456
user042,123456
user043,123456
user044,123456
user045,123456
user046,123456
user047,123456
user048,123456
user049,123456
user050,123456
user051,123456
user052,123456
user053,123456
user054,123456
user055,123456
user056,123456
user057,123456
user058,123456
user059,123456
