id,name,slug,created_at,updated_at
1,"French, Nguyen and Murphy",french-nguyen-and-murphy,2024-12-11 20:17:31,2025-07-22 20:17:31
2,Lawrence Group,lawrence-group,2023-09-05 21:32:39,2025-01-15 21:32:39
3,Campbell-Koch,campbell-koch,2023-07-14 09:49:44,2025-03-16 09:49:44
4,Brown Inc,brown-inc,2023-01-22 23:48:59,2025-08-31 23:48:59
5,"Moran, Santana and Villa",moran-santana-and-villa,2023-05-10 11:40:43,2025-02-09 11:40:43
6,Wilkinson Ltd,wilkinson-ltd,2025-05-03 13:07:39,2027-05-11 13:07:39
7,"Diaz, Henderson and Wolfe",diaz-henderson-and-wolfe,2022-11-05 18:17:16,2024-01-16 18:17:16
8,"Dalton, Johnson and Watkins",dalton-johnson-and-watkins,2023-05-19 05:14:19,2024-04-01 05:14:19
9,Rowe-Thompson,rowe-thompson,2023-12-27 14:48:57,2026-08-21 14:48:57
10,Rice Ltd,rice-ltd,2023-04-16 20:49:41,2024-05-15 20:49:41
11,Fisher-Williams,fisher-williams,2025-04-28 09:48:53,2026-05-16 09:48:53
12,Curtis-Smith,curtis-smith,2022-07-15 09:04:15,2022-09-27 09:04:15
13,Park-Curtis,park-curtis,2024-09-13 14:41:28,2024-10-13 14:41:28
14,"Beck, Hall and Harris",beck-hall-and-harris,2025-06-10 04:26:14,2026-03-19 04:26:14
15,Cox-Thomas,cox-thomas,2023-01-05 03:41:53,2024-10-09 03:41:53
16,Richardson-Taylor,richardson-taylor,2024-10-16 12:10:25,2024-10-22 12:10:25
17,Owen-Cannon,owen-cannon,2023-08-10 19:04:37,2024-02-21 19:04:37
18,Lee-Thompson,lee-thompson,2022-07-21 07:08:01,2023-12-08 07:08:01
19,"Freeman, Anderson and Taylor",freeman-anderson-and-taylor,2025-02-27 17:21:05,2027-01-04 17:21:05
20,Myers-Pierce,myers-pierce,2023-08-09 21:16:57,2025-06-08 21:16:57
21,Cox-Jones,cox-jones,2022-07-26 20:12:38,2023-06-03 20:12:38
22,Martin Inc,martin-inc,2022-08-27 05:08:51,2025-01-01 05:08:51
23,Russell-Flores,russell-flores,2023-04-21 16:06:42,2024-05-03 16:06:42
24,"Blackwell, James and Brown",blackwell-james-and-brown,2024-07-11 04:08:40,2026-07-07 04:08:40
25,Bryan-Vazquez,bryan-vazquez,2024-03-02 13:12:09,2024-06-03 13:12:09
26,Green Group,green-group,2024-06-27 18:30:32,2025-04-18 18:30:32
27,Livingston-Strickland,livingston-strickland,2024-02-06 21:20:00,2024-02-24 21:20:00
28,Shelton-Hancock,shelton-hancock,2025-02-23 00:36:10,2026-12-08 00:36:10
29,Coleman Group,coleman-group,2024-10-13 13:16:49,2026-08-30 13:16:49
30,Brown-Rodriguez,brown-rodriguez,2024-08-23 16:23:53,2024-09-21 16:23:53
31,Lee-Kelly,lee-kelly,2025-05-26 10:10:19,2026-04-23 10:10:19
32,Butler Group,butler-group,2024-12-20 11:10:11,2026-01-12 11:10:11
33,Taylor LLC,taylor-llc,2022-08-10 14:50:26,2024-08-07 14:50:26
34,Rowe-Luna,rowe-luna,2024-02-10 21:42:39,2024-06-19 21:42:39
35,Jackson-Riggs,jackson-riggs,2023-06-03 03:13:32,2025-12-29 03:13:32
36,Li-Martinez,li-martinez,2024-02-16 15:54:48,2024-08-12 15:54:48
37,Tucker Inc,tucker-inc,2024-05-25 06:34:17,2024-08-19 06:34:17
38,White and Sons,white-and-sons,2023-05-30 23:57:09,2023-11-16 23:57:09
39,"Patel, Marshall and Price",patel-marshall-and-price,2023-02-13 01:07:32,2024-06-12 01:07:32
40,Cooley-Morgan,cooley-morgan,2024-04-16 12:33:14,2025-01-21 12:33:14
41,Ward and Sons,ward-and-sons,2025-04-27 23:35:17,2025-12-14 23:35:17
42,Cain Group,cain-group,2024-10-11 23:00:29,2026-04-27 23:00:29
43,Mullins Group,mullins-group,2023-02-10 17:24:33,2024-06-22 17:24:33
44,"Davies, Scott and Barnes",davies-scott-and-barnes,2025-05-25 19:02:31,2025-08-01 19:02:31
45,Leon Group,leon-group,2023-10-23 10:53:28,2026-01-28 10:53:28
46,Porter-Harris,porter-harris,2024-03-27 18:14:41,2025-01-19 18:14:41
47,Young-Collins,young-collins,2023-06-23 20:14:35,2025-11-02 20:14:35
48,Zamora-Haynes,zamora-haynes,2025-03-13 17:03:04,2026-06-28 17:03:04
49,"Good, Williams and Wilson",good-williams-and-wilson,2023-01-23 04:23:30,2025-04-07 04:23:30
50,Fisher Group,fisher-group,2024-01-13 14:22:58,2024-10-11 14:22:58
51,Cruz Inc,cruz-inc,2024-11-07 00:27:06,2026-12-22 00:27:06
52,Garcia Ltd,garcia-ltd,2022-09-14 16:58:42,2023-01-20 16:58:42
53,"Kelly, Tate and Foster",kelly-tate-and-foster,2023-03-09 15:45:21,2024-09-29 15:45:21
54,Smith-Hernandez,smith-hernandez,2024-09-04 19:48:08,2026-03-04 19:48:08
55,Fox Group,fox-group,2023-05-12 23:08:23,2026-01-17 23:08:23
56,"Wade, Burgess and Jones",wade-burgess-and-jones,2024-06-09 07:22:48,2025-10-21 07:22:48
57,"Singleton, Moran and Ball",singleton-moran-and-ball,2023-05-19 04:02:14,2025-11-17 04:02:14
58,Thompson-Faulkner,thompson-faulkner,2023-12-08 18:20:29,2026-04-16 18:20:29
59,"Morris, Hernandez and Cox",morris-hernandez-and-cox,2023-10-21 11:56:48,2024-07-27 11:56:48
60,Anderson-Rojas,anderson-rojas,2025-05-24 21:48:48,2025-06-20 21:48:48
61,"Fisher, Hunter and Werner",fisher-hunter-and-werner,2024-10-26 08:21:47,2026-06-30 08:21:47
62,King Group,king-group,2024-09-22 23:08:16,2024-12-22 23:08:16
63,Riley Ltd,riley-ltd,2023-03-23 10:38:47,2024-09-08 10:38:47
64,"Ford, Castillo and Anderson",ford-castillo-and-anderson,2025-05-29 16:01:52,2025-11-30 16:01:52
65,Ibarra-Garcia,ibarra-garcia,2024-10-16 20:30:33,2026-07-05 20:30:33
66,Molina PLC,molina-plc,2023-06-30 07:15:12,2023-12-29 07:15:12
67,Brown-Fischer,brown-fischer,2022-12-27 14:40:08,2025-07-17 14:40:08
68,Duncan-Peters,duncan-peters,2023-08-06 02:17:56,2024-08-20 02:17:56
69,Benitez-Beck,benitez-beck,2024-09-24 12:18:45,2026-10-26 12:18:45
70,Wright Group,wright-group,2022-08-29 14:00:44,2023-03-23 14:00:44
71,"Vasquez, Schmidt and Anderson",vasquez-schmidt-and-anderson,2024-05-17 14:45:42,2025-09-11 14:45:42
72,Green Ltd,green-ltd,2023-04-04 09:30:56,2024-09-09 09:30:56
73,Rubio-Rodriguez,rubio-rodriguez,2022-12-18 08:51:22,2023-05-12 08:51:22
74,Arellano Inc,arellano-inc,2024-06-08 18:04:08,2025-07-23 18:04:08
75,"Miller, Johns and Lynch",miller-johns-and-lynch,2022-08-22 20:53:04,2023-02-10 20:53:04
76,Cohen Ltd,cohen-ltd,2022-06-26 07:34:42,2025-01-30 07:34:42
77,"Thompson, Hughes and Serrano",thompson-hughes-and-serrano,2025-03-30 17:30:22,2027-01-08 17:30:22
78,Contreras Inc,contreras-inc,2024-01-23 22:14:13,2026-02-05 22:14:13
79,Bonilla Inc,bonilla-inc,2022-09-07 00:16:56,2025-03-07 00:16:56
80,"Myers, Harris and Robinson",myers-harris-and-robinson,2024-07-30 18:57:28,2024-08-20 18:57:28
81,Thomas-Dawson,thomas-dawson,2023-06-28 15:11:57,2023-07-09 15:11:57
82,Owens Ltd,owens-ltd,2024-04-05 23:00:23,2026-08-02 23:00:23
83,Russell-Duncan,russell-duncan,2023-08-31 01:21:21,2024-05-25 01:21:21
84,Russell Group,russell-group,2024-09-08 12:09:23,2025-05-12 12:09:23
85,"Williams, Young and Watson",williams-young-and-watson,2023-11-03 22:17:23,2024-05-06 22:17:23
86,"Sanchez, Smith and Turner",sanchez-smith-and-turner,2022-07-24 15:08:03,2024-08-29 15:08:03
87,"Heath, Paul and Smith",heath-paul-and-smith,2024-11-26 16:40:18,2026-06-15 16:40:18
88,Boyle-Morris,boyle-morris,2025-03-05 15:27:10,2027-05-26 15:27:10
89,Clark-Nelson,clark-nelson,2023-03-29 11:15:31,2024-11-11 11:15:31
90,"Walter, Hill and Edwards",walter-hill-and-edwards,2024-01-17 14:36:02,2026-02-27 14:36:02
91,"Thomas, Butler and Johnson",thomas-butler-and-johnson,2024-06-03 17:10:59,2026-06-13 17:10:59
92,Lewis Ltd,lewis-ltd,2022-10-19 04:48:51,2022-10-31 04:48:51
93,"Mendoza, Morris and Lee",mendoza-morris-and-lee,2023-09-16 21:23:57,2024-05-13 21:23:57
94,"Williams, Walker and Vega",williams-walker-and-vega,2023-06-01 04:44:28,2024-08-29 04:44:28
95,"Davis, Cain and Franklin",davis-cain-and-franklin,2023-09-28 00:02:24,2025-04-28 00:02:24
96,"Gardner, Jackson and Garrett",gardner-jackson-and-garrett,2024-07-19 19:32:05,2025-04-20 19:32:05
97,Walker LLC,walker-llc,2023-07-17 19:08:33,2024-10-12 19:08:33
98,Estrada-Chambers,estrada-chambers,2023-03-06 15:48:15,2023-12-27 15:48:15
99,Trujillo and Sons,trujillo-and-sons,2024-01-08 19:09:51,2025-09-15 19:09:51
100,Allen-Anderson,allen-anderson,2025-02-25 00:06:56,2026-04-09 00:06:56
101,Jones-Short,jones-short,2022-07-29 08:31:23,2023-04-17 08:31:23
102,Carter-Chang,carter-chang,2023-01-15 21:03:46,2024-07-14 21:03:46
103,"Ruiz, Hayes and Le",ruiz-hayes-and-le,2024-03-21 23:13:25,2026-10-28 23:13:25
104,Booth Inc,booth-inc,2023-08-20 21:44:17,2024-02-10 21:44:17
105,"Anderson, Moran and Williams",anderson-moran-and-williams,2025-02-19 16:43:33,2027-07-16 16:43:33
106,"Miller, Freeman and Pacheco",miller-freeman-and-pacheco,2023-11-26 09:58:27,2025-05-06 09:58:27
107,"Jackson, Owen and Hall",jackson-owen-and-hall,2022-07-15 11:34:37,2024-07-05 11:34:37
108,Jones-Ramos,jones-ramos,2024-09-01 02:22:11,2024-10-25 02:22:11
109,Mccormick-Dougherty,mccormick-dougherty,2023-02-25 07:37:00,2023-03-29 07:37:00
110,Hudson LLC,hudson-llc,2023-06-04 18:04:26,2024-05-17 18:04:26
111,Callahan-Garza,callahan-garza,2022-09-01 19:21:00,2023-10-29 19:21:00
112,Williams Inc,williams-inc,2022-09-13 00:06:41,2022-09-22 00:06:41
113,"Long, Rodriguez and Johnson",long-rodriguez-and-johnson,2023-02-23 22:10:48,2025-09-11 22:10:48
114,"Williams, Jones and Duke",williams-jones-and-duke,2025-01-28 02:06:01,2027-06-16 02:06:01
115,Russo and Sons,russo-and-sons,2025-05-12 21:27:53,2026-01-28 21:27:53
116,Copeland Ltd,copeland-ltd,2023-04-06 01:20:33,2024-02-18 01:20:33
117,Gallagher-Jackson,gallagher-jackson,2022-10-08 08:26:57,2025-03-12 08:26:57
118,Walton-Cooper,walton-cooper,2022-08-03 16:10:47,2023-10-24 16:10:47
119,"Turner, Sharp and Townsend",turner-sharp-and-townsend,2022-11-13 10:03:46,2025-03-12 10:03:46
120,"Stevens, Wallace and Williams",stevens-wallace-and-williams,2022-07-30 20:42:23,2024-09-24 20:42:23
121,"Pierce, Humphrey and Lindsey",pierce-humphrey-and-lindsey,2022-11-10 14:33:01,2023-11-17 14:33:01
122,Villarreal Inc,villarreal-inc,2023-12-13 17:27:35,2026-05-31 17:27:35
123,Crawford Inc,crawford-inc,2024-12-20 00:58:35,2027-05-20 00:58:35
124,Kerr-Williams,kerr-williams,2024-10-08 13:22:08,2026-07-22 13:22:08
125,Jackson-Avila,jackson-avila,2023-06-24 19:42:29,2024-11-27 19:42:29
126,Taylor-Hernandez,taylor-hernandez,2024-02-02 15:37:10,2026-02-17 15:37:10
127,Hunter Ltd,hunter-ltd,2023-12-13 20:39:13,2025-02-05 20:39:13
128,Simpson-Turner,simpson-turner,2023-07-03 05:48:32,2025-09-10 05:48:32
129,Barnes-Wong,barnes-wong,2025-01-25 07:03:50,2025-10-27 07:03:50
130,Velasquez Ltd,velasquez-ltd,2023-07-18 05:18:55,2024-12-27 05:18:55
131,"Cantu, Ho and Clarke",cantu-ho-and-clarke,2024-02-29 12:20:14,2025-03-13 12:20:14
132,Knight LLC,knight-llc,2023-11-15 12:22:50,2024-07-25 12:22:50
133,"Gould, Cortez and Newman",gould-cortez-and-newman,2023-07-14 22:24:04,2024-11-10 22:24:04
134,Mccoy-Anderson,mccoy-anderson,2023-12-13 21:44:03,2024-11-20 21:44:03
135,"Stevens, Yang and Keller",stevens-yang-and-keller,2024-10-08 04:34:10,2026-04-01 04:34:10
136,Neal-Haynes,neal-haynes,2022-07-05 19:30:08,2024-10-26 19:30:08
137,"Ball, Vaughan and Elliott",ball-vaughan-and-elliott,2023-03-18 15:46:45,2025-12-11 15:46:45
138,Leach PLC,leach-plc,2024-10-31 01:04:20,2025-05-31 01:04:20
139,"Gray, Velasquez and Fuller",gray-velasquez-and-fuller,2023-07-04 23:28:43,2023-11-04 23:28:43
140,Vega Group,vega-group,2024-04-21 21:37:11,2024-10-20 21:37:11
141,"Hoover, Maldonado and Mckee",hoover-maldonado-and-mckee,2023-04-09 03:45:06,2024-12-02 03:45:06
142,Ramsey Inc,ramsey-inc,2022-09-19 16:34:04,2024-02-10 16:34:04
143,Miller-Cooper,miller-cooper,2024-06-26 20:06:20,2024-07-07 20:06:20
144,"Smith, King and Martinez",smith-king-and-martinez,2025-06-17 23:08:20,2025-07-13 23:08:20
145,Huynh-Reyes,huynh-reyes,2023-09-08 07:10:34,2025-02-26 07:10:34
146,"Simon, Brown and Wilkins",simon-brown-and-wilkins,2025-03-16 14:00:18,2027-06-19 14:00:18
147,Curtis-Johnston,curtis-johnston,2023-07-18 07:07:15,2024-04-07 07:07:15
148,"Perez, Jackson and Gutierrez",perez-jackson-and-gutierrez,2024-12-25 03:55:43,2027-02-05 03:55:43
149,Small Inc,small-inc,2023-01-25 22:59:29,2025-08-08 22:59:29
150,"Lee, Meyer and Blankenship",lee-meyer-and-blankenship,2024-08-30 06:45:17,2026-07-17 06:45:17
151,"Holmes, Moore and Brandt",holmes-moore-and-brandt,2023-01-02 19:39:22,2023-11-12 19:39:22
152,Wolfe Ltd,wolfe-ltd,2025-03-22 00:24:49,2026-02-15 00:24:49
153,Hall-Gaines,hall-gaines,2024-08-15 20:12:25,2025-04-05 20:12:25
154,Stafford-Shea,stafford-shea,2024-04-26 08:45:47,2026-07-05 08:45:47
155,Tapia-Morse,tapia-morse,2023-05-14 12:21:48,2025-07-31 12:21:48
156,"Santos, Baker and Gonzalez",santos-baker-and-gonzalez,2023-12-20 11:45:42,2024-08-11 11:45:42
157,Barnes-Brown,barnes-brown,2024-12-08 01:00:46,2026-01-18 01:00:46
158,Mcpherson Group,mcpherson-group,2024-03-17 13:40:19,2025-07-26 13:40:19
159,Morgan PLC,morgan-plc,2024-12-26 18:32:56,2026-06-07 18:32:56
160,Taylor-Cooper,taylor-cooper,2024-04-08 18:52:07,2024-08-13 18:52:07
161,Lindsey-Smith,lindsey-smith,2024-10-15 10:46:39,2026-10-10 10:46:39
162,"Anderson, Anderson and Hall",anderson-anderson-and-hall,2024-11-06 09:09:30,2026-10-24 09:09:30
163,Manning-Taylor,manning-taylor,2022-06-30 16:55:12,2023-08-17 16:55:12
164,Lewis PLC,lewis-plc,2024-10-07 10:18:57,2025-12-10 10:18:57
165,"Martinez, Macdonald and Perez",martinez-macdonald-and-perez,2025-03-12 21:14:27,2027-11-28 21:14:27
166,Mcmillan-Joseph,mcmillan-joseph,2023-09-16 19:22:43,2025-12-03 19:22:43
167,"Mendoza, Adams and King",mendoza-adams-and-king,2022-12-13 07:40:23,2025-03-21 07:40:23
168,Perez-Johnson,perez-johnson,2023-01-12 19:45:18,2024-06-23 19:45:18
169,"Taylor, Davis and Mclean",taylor-davis-and-mclean,2024-07-04 05:50:06,2026-03-30 05:50:06
170,Weber-Harmon,weber-harmon,2023-06-03 06:53:32,2023-09-22 06:53:32
171,Bond and Sons,bond-and-sons,2023-07-26 23:20:53,2024-07-18 23:20:53
172,Boyle-Harrison,boyle-harrison,2025-03-07 13:54:16,2026-03-30 13:54:16
173,Villanueva LLC,villanueva-llc,2025-02-11 05:01:38,2025-12-21 05:01:38
174,"House, Reed and Chan",house-reed-and-chan,2024-10-03 19:21:11,2026-09-07 19:21:11
175,"Gonzalez, Brooks and Nichols",gonzalez-brooks-and-nichols,2025-05-06 07:04:34,2026-03-30 07:04:34
176,Brooks-Cox,brooks-cox,2024-01-25 19:10:03,2024-01-28 19:10:03
177,"Vega, Jones and Gordon",vega-jones-and-gordon,2025-04-19 17:13:12,2026-06-12 17:13:12
178,Bradshaw Ltd,bradshaw-ltd,2023-01-25 18:26:16,2024-04-02 18:26:16
179,Morales and Sons,morales-and-sons,2024-08-11 06:07:18,2027-03-12 06:07:18
180,Daniels-Scott,daniels-scott,2024-06-09 16:22:44,2024-07-19 16:22:44
181,Cunningham-Snyder,cunningham-snyder,2024-09-10 00:45:59,2026-04-01 00:45:59
182,Daniel Ltd,daniel-ltd,2025-03-25 07:06:01,2026-07-28 07:06:01
183,"Thompson, Lang and Ray",thompson-lang-and-ray,2025-04-22 18:46:37,2026-06-01 18:46:37
184,Aguilar and Sons,aguilar-and-sons,2023-09-05 15:22:07,2025-03-16 15:22:07
185,Garcia-Taylor,garcia-taylor,2022-12-17 03:25:12,2023-09-02 03:25:12
186,Owens-Cohen,owens-cohen,2024-01-06 12:30:12,2024-12-16 12:30:12
187,"Miles, Hernandez and Conley",miles-hernandez-and-conley,2024-08-02 16:47:59,2024-08-13 16:47:59
188,Smith-Brooks,smith-brooks,2023-11-24 14:01:19,2025-07-01 14:01:19
189,Jones and Sons,jones-and-sons,2023-03-07 19:56:02,2025-04-26 19:56:02
190,Cooper PLC,cooper-plc,2022-09-16 00:52:51,2025-05-14 00:52:51
191,"Copeland, Buchanan and Young",copeland-buchanan-and-young,2024-05-08 21:37:38,2026-12-30 21:37:38
192,Myers-Lewis,myers-lewis,2024-08-25 20:09:50,2025-03-10 20:09:50
193,Hernandez Ltd,hernandez-ltd,2023-10-05 03:20:27,2024-12-11 03:20:27
194,Mcdaniel-Bailey,mcdaniel-bailey,2023-11-21 17:48:08,2025-05-25 17:48:08
195,Mitchell PLC,mitchell-plc,2022-09-27 03:24:23,2023-06-17 03:24:23
196,"Chan, Mcbride and Conley",chan-mcbride-and-conley,2024-11-24 17:19:42,2025-07-05 17:19:42
197,"Reynolds, Jackson and Hawkins",reynolds-jackson-and-hawkins,2023-11-19 08:54:50,2024-04-13 08:54:50
198,"Jones, Howell and Palmer",jones-howell-and-palmer,2022-11-17 02:20:31,2025-04-08 02:20:31
199,"Singh, Chang and Jordan",singh-chang-and-jordan,2024-05-02 06:15:20,2024-05-23 06:15:20
200,"Moore, Bailey and Miller",moore-bailey-and-miller,2022-09-08 09:58:05,2024-05-28 09:58:05
201,The Gonzalez Solutions Co. Corp.,the-gonzalez-solutions-co-corp,2023-09-22 08:22:13,2024-12-31 08:22:13
202,SO Equipment Inc.,so-equipment-inc,2022-10-17 18:32:25,2025-03-18 18:32:25
203,Flores Instruments International,flores-instruments-international,2024-05-20 15:16:34,2026-09-23 15:16:34
204,NO Engineering Group,no-engineering-group,2023-10-16 03:22:04,2025-12-10 03:22:04
205,Williams Innovations,williams-innovations,2023-12-29 03:02:33,2025-06-06 03:02:33
206,Precision Espinoza Builders Co.,precision-espinoza-builders-co,2022-07-21 03:06:46,2022-09-04 03:06:46
207,Carmen Moody Manufacturing Industries,carmen-moody-manufacturing-industries,2023-01-19 03:50:40,2024-08-28 03:50:40
208,Stephanie & Simmons Instruments,stephanie-and-simmons-instruments,2023-07-17 08:31:19,2023-09-02 08:31:19
209,Natalie Industrial,natalie-industrial,2022-12-17 11:13:52,2023-09-13 11:13:52
210,International Stanley Tools,international-stanley-tools,2023-03-30 02:11:12,2025-09-17 02:11:12
211,David & Johnson Machinery Group,david-and-johnson-machinery-group,2024-06-12 01:03:56,2025-06-26 01:03:56
212,Harris Brothers Equipment,harris-brothers-equipment,2023-10-05 19:33:43,2026-06-27 19:33:43
213,The Hogan Devices Co.,the-hogan-devices-co,2023-03-09 06:16:20,2024-12-02 06:16:20
214,The Smith Mechanics Co.,the-smith-mechanics-co,2022-07-25 22:05:09,2024-12-25 22:05:09
215,Henry & Walker Components Inc.,henry-and-walker-components-inc,2024-01-17 14:32:17,2024-08-21 14:32:17
216,The Powell Innovations Co.,the-powell-innovations-co,2023-07-18 01:14:56,2025-12-15 01:14:56
217,Holloway Engineering Group,holloway-engineering-group,2022-09-16 22:35:40,2025-04-29 22:35:40
218,Middleton Devices,middleton-devices,2024-01-06 15:46:01,2024-02-08 15:46:01
219,LH Systems,lh-systems,2022-12-04 07:59:24,2025-01-05 07:59:24
220,Master Ortiz Builders,master-ortiz-builders,2023-03-02 02:29:36,2023-11-11 02:29:36
221,The David Devices Co.,the-david-devices-co,2024-11-21 23:15:51,2027-07-14 23:15:51
222,Christopher Fischer Engineering Group,christopher-fischer-engineering-group,2025-03-21 09:38:03,2026-08-24 09:38:03
223,Martinez Builders Industries,martinez-builders-industries,2023-04-18 17:34:41,2025-05-17 17:34:41
224,Mike & Schmidt Products,mike-and-schmidt-products,2022-06-30 04:14:10,2024-09-14 04:14:10
225,Quality Gomez Products,quality-gomez-products,2023-06-03 22:05:06,2025-06-04 22:05:06
226,Allison Marshall Materials,allison-marshall-materials,2023-06-11 09:20:51,2025-04-17 09:20:51
227,Carter Brothers Machinery,carter-brothers-machinery,2022-10-08 08:41:04,2023-05-09 08:41:04
228,Robert & Weber Engineering,robert-and-weber-engineering,2025-03-04 03:48:27,2026-07-21 03:48:27
229,Precision Equipment Group LLC,precision-equipment-group-llc,2024-07-24 21:08:10,2026-06-01 21:08:10
230,Denise Romero Machinery Group,denise-romero-machinery-group,2024-03-04 09:13:40,2025-03-20 09:13:40
231,The Rivera Hardware Co.,the-rivera-hardware-co,2023-05-28 21:24:39,2023-09-06 21:24:39
232,CC Manufacturing,cc-manufacturing,2023-04-27 09:09:14,2025-01-08 09:09:14
233,TJ Mechanics,tj-mechanics,2022-07-13 03:46:09,2025-01-09 03:46:09
234,The Russell Materials Co.,the-russell-materials-co,2024-05-19 06:13:20,2026-11-15 06:13:20
235,Darlene & Jones Industrial,darlene-and-jones-industrial,2023-10-12 22:42:01,2024-09-13 22:42:01
236,Doyle Brothers Innovations,doyle-brothers-innovations,2024-06-12 17:28:40,2025-02-25 17:28:40
237,Lowery Brothers Tech,lowery-brothers-tech,2024-07-01 01:17:37,2025-06-20 01:17:37
238,Lloyd Builders,lloyd-builders,2022-11-16 14:17:07,2025-03-01 14:17:07
239,Mariah & Lambert Innovations,mariah-and-lambert-innovations,2024-04-04 04:21:08,2026-06-11 04:21:08
240,Marcus Moon Materials Group,marcus-moon-materials-group,2024-03-13 16:30:42,2024-03-24 16:30:42
241,Keith Ward Machinery,keith-ward-machinery,2025-03-23 10:27:52,2027-10-07 10:27:52
242,Dominique Equipment,dominique-equipment,2024-04-29 09:18:30,2026-02-23 09:18:30
243,Parker Systems Inc.,parker-systems-inc,2024-04-14 02:45:19,2026-08-17 02:45:19
244,Roberts Supplies,roberts-supplies,2025-03-21 15:49:24,2025-09-19 15:49:24
245,Vicki & Lloyd Machinery,vicki-and-lloyd-machinery,2024-10-22 07:31:41,2024-12-01 07:31:41
246,Garcia Classic Tools,garcia-classic-tools,2022-08-10 16:23:38,2024-03-05 16:23:38
247,Jones Prime Tech,jones-prime-tech,2025-04-03 19:10:37,2026-10-20 19:10:37
248,Murphy Performance Innovations,murphy-performance-innovations,2024-03-28 19:22:51,2024-04-13 19:22:51
249,CR Innovations,cr-innovations,2025-02-08 13:03:16,2026-04-12 13:03:16
250,Ronnie Products,ronnie-products,2025-03-30 10:20:44,2025-04-14 10:20:44
251,Master Manufacturing Group International,master-manufacturing-group-international,2023-09-18 00:47:31,2024-10-10 00:47:31
252,James Mechanics International,james-mechanics-international,2025-06-06 07:29:06,2026-06-18 07:29:06
253,Industrial Engineering,industrial-engineering,2022-11-23 07:29:44,2023-08-26 07:29:44
254,Wyatt Components,wyatt-components,2023-04-10 21:03:57,2025-01-01 21:03:57
255,Johnson Brothers Components,johnson-brothers-components,2025-01-21 01:33:26,2026-10-13 01:33:26
256,Katherine & Brown Tools,katherine-and-brown-tools,2022-07-28 07:21:27,2023-12-29 07:21:27
257,Black Precision Solutions Corp.,black-precision-solutions-corp,2023-03-08 15:06:14,2024-02-23 15:06:14
258,The Massey Instruments Co.,the-massey-instruments-co,2022-12-25 19:01:57,2023-01-08 19:01:57
259,Cruz Materials Corp.,cruz-materials-corp,2023-06-29 04:20:16,2023-09-01 04:20:16
260,The Greene Industrial Co.,the-greene-industrial-co,2024-11-08 19:35:07,2024-12-15 19:35:07
261,James Industrial,james-industrial,2025-04-14 11:07:43,2025-08-06 11:07:43
262,MJ Solutions,mj-solutions,2023-09-22 09:10:38,2026-02-20 09:10:38
263,William Nichols Hardware,william-nichols-hardware,2023-06-09 08:48:59,2025-05-24 08:48:59
264,Premier Carter Supplies,premier-carter-supplies,2022-12-26 00:39:52,2023-08-20 00:39:52
265,Boyle Brothers Products,boyle-brothers-products,2024-02-24 09:02:07,2025-12-30 09:02:07
266,DJ Mechanics Co.,dj-mechanics-co,2024-05-18 00:36:13,2025-06-17 00:36:13
267,Johnson Components,johnson-components,2024-04-13 14:52:09,2026-12-12 14:52:09
268,Davis Expert Systems Inc.,davis-expert-systems-inc,2023-04-29 05:48:13,2026-01-06 05:48:13
269,Osborne Reliable Products LLC,osborne-reliable-products-llc,2024-01-16 20:24:39,2024-03-08 20:24:39
270,Vincent & Freeman Devices,vincent-and-freeman-devices,2024-10-13 00:21:00,2027-04-10 00:21:00
271,Patrick Ross Equipment,patrick-ross-equipment,2024-01-21 02:21:58,2024-11-22 02:21:58
272,Joshua Equipment,joshua-equipment,2024-04-02 00:44:35,2025-03-26 00:44:35
273,Craig & Hale Industrial,craig-and-hale-industrial,2023-08-17 01:41:21,2026-05-13 01:41:21
274,Heavy-Duty Products Industries,heavy-duty-products-industries,2024-08-05 16:18:24,2024-11-20 16:18:24
275,Smart Components,smart-components,2022-12-03 20:12:45,2024-04-19 20:12:45
276,David Innovations,david-innovations,2024-01-24 18:50:18,2024-10-13 18:50:18
277,Joshua Tools,joshua-tools,2022-11-23 02:46:36,2023-12-09 02:46:36
278,The Hill Mechanics Co.,the-hill-mechanics-co,2024-09-16 00:06:36,2027-04-23 00:06:36
279,Classic Components Group,classic-components-group,2025-03-31 00:56:29,2027-06-11 00:56:29
280,Master Instruments Group,master-instruments-group,2024-11-13 20:21:23,2026-05-28 20:21:23
281,DC Systems,dc-systems,2024-01-19 12:08:14,2025-02-11 12:08:14
282,MS Products,ms-products,2023-03-20 14:14:19,2024-06-25 14:14:19
283,Bates Machinery,bates-machinery,2024-12-07 19:10:49,2027-04-21 19:10:49
284,Cowan Instruments,cowan-instruments,2023-12-28 22:57:50,2025-07-10 22:57:50
285,The Johnson Industrial Co.,the-johnson-industrial-co,2025-02-26 01:53:23,2026-11-21 01:53:23
286,Eaton Brothers Engineering Inc.,eaton-brothers-engineering-inc,2025-06-14 21:38:14,2026-04-11 21:38:14
287,RT Builders LLC,rt-builders-llc,2025-05-30 19:20:20,2026-07-05 19:20:20
288,Adam Devices,adam-devices,2025-03-02 06:05:47,2026-07-31 06:05:47
289,John Engineering,john-engineering,2023-07-05 06:18:05,2023-08-16 06:18:05
290,Smart Drake Machinery,smart-drake-machinery,2025-03-07 01:12:50,2026-03-17 01:12:50
291,Expert Materials,expert-materials,2025-01-31 17:41:10,2026-10-25 17:41:10
292,Morgan Equipment,morgan-equipment,2023-08-03 02:33:31,2025-09-24 02:33:31
293,The Oneill Industrial Co.,the-oneill-industrial-co,2022-08-22 11:36:03,2024-03-13 11:36:03
294,Combs Brothers Innovations,combs-brothers-innovations,2025-06-03 00:45:58,2025-12-07 00:45:58
295,Advanced Systems,advanced-systems,2024-07-04 05:16:50,2025-07-28 05:16:50
296,Carolyn Martin Tools Corp.,carolyn-martin-tools-corp,2023-07-04 13:04:23,2023-09-01 13:04:23
297,The Edwards Tech Co.,the-edwards-tech-co,2023-02-08 20:52:17,2025-01-17 20:52:17
298,The Clark Equipment Co.,the-clark-equipment-co,2025-01-22 11:11:52,2025-04-12 11:11:52
299,Harrison Brothers Machinery Industries,harrison-brothers-machinery-industries,2022-10-20 01:50:21,2024-07-12 01:50:21
300,The Castillo Industrial Co. International,the-castillo-industrial-co-international,2024-08-16 23:46:45,2026-03-11 23:46:45
301,Jill & Johnson Engineering LLC,jill-and-johnson-engineering-llc,2022-07-20 12:17:10,2023-07-28 12:17:10
302,Dalton & Castillo Machinery,dalton-and-castillo-machinery,2023-03-10 18:01:50,2024-09-26 18:01:50
303,Goodman Brothers Innovations,goodman-brothers-innovations,2023-03-17 12:23:51,2024-12-24 12:23:51
304,Vaughan Hardware,vaughan-hardware,2024-01-30 16:54:16,2025-08-31 16:54:16
305,The Wagner Components Co.,the-wagner-components-co,2023-04-13 19:42:18,2025-05-17 19:42:18
306,Bass Brothers Equipment,bass-brothers-equipment,2024-12-31 06:42:29,2027-02-01 06:42:29
307,The Figueroa Manufacturing Co.,the-figueroa-manufacturing-co,2022-11-20 02:04:50,2024-12-13 02:04:50
308,Fisher Dynamic Instruments,fisher-dynamic-instruments,2023-06-25 13:50:01,2024-03-27 13:50:01
309,The Oconnor Engineering Co.,the-oconnor-engineering-co,2023-09-03 09:11:04,2025-05-25 09:11:04
310,Premier Manufacturing Group,premier-manufacturing-group,2023-07-28 02:28:19,2025-08-24 02:28:19
311,James Engineering Inc.,james-engineering-inc,2024-07-21 11:44:14,2025-09-06 11:44:14
312,Curry Devices Corp.,curry-devices-corp,2022-07-16 17:05:36,2024-03-17 17:05:36
313,Carrillo Equipment Corp.,carrillo-equipment-corp,2023-06-27 14:12:26,2024-03-02 14:12:26
314,Precision Reed Tech Co.,precision-reed-tech-co,2023-04-23 18:11:20,2025-07-06 18:11:20
315,Ruben Smith Manufacturing,ruben-smith-manufacturing,2023-05-01 08:44:39,2025-04-25 08:44:39
316,DD Components Group,dd-components-group,2023-01-30 23:49:50,2023-08-16 23:49:50
317,James & Walton Instruments Corp.,james-and-walton-instruments-corp,2024-02-20 02:51:19,2024-05-27 02:51:19
318,Tyler Barr Equipment Co.,tyler-barr-equipment-co,2024-12-15 16:28:49,2026-09-03 16:28:49
319,Erik Hudson Materials,erik-hudson-materials,2024-02-12 23:19:26,2026-06-28 23:19:26
320,The Martinez Tech Co.,the-martinez-tech-co,2022-07-29 19:59:55,2023-09-10 19:59:55
321,Robust Solutions Group Industries,robust-solutions-group-industries,2024-09-20 17:34:03,2026-03-29 17:34:03
322,Jade Machinery,jade-machinery,2023-06-13 10:55:19,2024-08-26 10:55:19
323,The Berger Solutions Co.,the-berger-solutions-co,2023-10-28 05:06:38,2024-11-19 05:06:38
324,CM Innovations Group,cm-innovations-group,2024-08-18 22:52:41,2026-06-25 22:52:41
325,Patel Brothers Instruments,patel-brothers-instruments,2024-03-27 04:55:29,2025-02-02 04:55:29
326,JM Tech,jm-tech,2025-01-12 03:24:59,2026-03-06 03:24:59
327,Harmon Durable Systems Group,harmon-durable-systems-group,2022-11-16 04:33:26,2023-11-30 04:33:26
328,Samantha Innovations,samantha-innovations,2025-02-25 20:40:28,2027-01-10 20:40:28
329,Lisa Frederick Tools,lisa-frederick-tools,2022-11-14 03:45:06,2023-05-25 03:45:06
330,Camacho Brothers Industrial Industries,camacho-brothers-industrial-industries,2022-09-12 22:20:45,2025-05-15 22:20:45
331,National Howard Products LLC,national-howard-products-llc,2022-07-13 10:38:44,2023-05-07 10:38:44
332,Robinson Tech International,robinson-tech-international,2023-06-18 10:58:23,2025-01-07 10:58:23
333,Cannon Builders,cannon-builders,2022-08-25 21:15:30,2024-09-01 21:15:30
334,The Murray Builders Co.,the-murray-builders-co,2023-12-25 11:29:01,2024-06-03 11:29:01
335,Cook Professional Innovations,cook-professional-innovations,2023-03-18 05:10:13,2025-07-04 05:10:13
336,Robert Innovations,robert-innovations,2024-07-28 07:09:01,2025-06-06 07:09:01
337,The Owens Systems Co.,the-owens-systems-co,2025-03-30 12:44:11,2025-09-08 12:44:11
338,Smith Brothers Tech,smith-brothers-tech,2024-11-16 16:57:21,2025-01-23 16:57:21
339,Keller Solutions,keller-solutions,2024-06-12 22:43:14,2025-01-27 22:43:14
340,Dynamic West Engineering,dynamic-west-engineering,2024-04-26 05:42:28,2025-04-14 05:42:28
341,Jillian Todd Hardware,jillian-todd-hardware,2023-01-29 19:39:09,2025-06-29 19:39:09
342,National Tech Group,national-tech-group,2023-12-09 11:22:13,2024-07-22 11:22:13
343,Barber Elite Equipment,barber-elite-equipment,2025-03-03 01:28:47,2026-10-14 01:28:47
344,SR Materials,sr-materials,2024-05-23 11:40:16,2025-06-25 11:40:16
345,Carlson Systems Inc.,carlson-systems-inc,2022-10-24 13:23:47,2023-02-25 13:23:47
346,Aaron Supplies,aaron-supplies,2024-04-09 20:51:38,2026-08-23 20:51:38
347,International Products Inc.,international-products-inc,2024-08-19 15:29:56,2026-11-11 15:29:56
348,Gloria Franklin Systems,gloria-franklin-systems,2023-05-26 07:50:52,2024-01-17 07:50:52
349,Trusted Tools,trusted-tools,2024-06-28 07:53:06,2026-03-14 07:53:06
350,The Andrade Builders Co.,the-andrade-builders-co,2023-03-19 19:31:28,2025-08-07 19:31:28
351,BR Tools Corp.,br-tools-corp,2024-10-30 07:17:27,2025-12-11 07:17:27
352,Robles Expert Engineering,robles-expert-engineering,2024-04-15 21:12:42,2025-08-01 21:12:42
353,Harrison Brothers Engineering Industries,harrison-brothers-engineering-industries,2024-05-28 15:37:08,2025-12-25 15:37:08
354,Bishop Brothers Engineering,bishop-brothers-engineering,2023-04-30 07:29:20,2024-10-17 07:29:20
355,Nichols Global Instruments,nichols-global-instruments,2024-07-14 19:27:00,2026-01-19 19:27:00
356,The Gilmore Solutions Co. LLC,the-gilmore-solutions-co-llc,2024-04-15 02:59:05,2026-04-28 02:59:05
357,Gonzales Brothers Tools,gonzales-brothers-tools,2022-10-31 13:37:55,2023-02-07 13:37:55
358,Dynamic Builders Group Inc.,dynamic-builders-group-inc,2025-03-31 13:33:02,2027-05-05 13:33:02
359,Gonzalez Brothers Tools,gonzalez-brothers-tools,2022-07-06 03:10:50,2024-11-19 03:10:50
360,Modern Larson Instruments,modern-larson-instruments,2022-07-16 22:24:49,2024-01-16 22:24:49
361,Modern Cole Industrial,modern-cole-industrial,2025-06-06 06:33:20,2027-12-13 06:33:20
362,Trusted Martinez Instruments,trusted-martinez-instruments,2024-06-03 22:22:04,2024-10-10 22:22:04
363,James Mechanics,james-mechanics,2025-03-14 03:54:05,2025-10-01 03:54:05
364,Hernandez Advanced Solutions LLC,hernandez-advanced-solutions-llc,2024-10-17 12:52:38,2027-04-21 12:52:38
365,Smart Lawson Innovations,smart-lawson-innovations,2022-07-03 10:31:05,2024-07-25 10:31:05
366,Jenkins Manufacturing,jenkins-manufacturing,2022-11-01 15:53:02,2025-01-25 15:53:02
367,Hoffman Components,hoffman-components,2024-07-19 11:09:18,2024-10-29 11:09:18
368,Cindy Taylor Manufacturing,cindy-taylor-manufacturing,2022-10-10 09:36:15,2024-03-14 09:36:15
369,Dynamic Tech,dynamic-tech,2024-10-11 18:41:22,2026-10-05 18:41:22
370,Sheila Harrison Tools,sheila-harrison-tools,2023-09-18 09:22:23,2025-10-16 09:22:23
371,Angel & Lee Supplies,angel-and-lee-supplies,2023-05-09 02:44:08,2023-06-10 02:44:08
372,Shirley Supplies,shirley-supplies,2024-08-27 01:39:54,2024-09-01 01:39:54
373,Martin Brothers Devices,martin-brothers-devices,2025-03-29 03:12:41,2026-08-12 03:12:41
374,International Devices,international-devices,2025-06-01 17:47:39,2025-09-11 17:47:39
375,Erik & Mcdowell Equipment Group,erik-and-mcdowell-equipment-group,2023-07-19 21:39:19,2024-07-18 21:39:19
376,Wendy Supplies,wendy-supplies,2023-01-31 22:11:10,2024-12-03 22:11:10
377,Prime Instruments Group,prime-instruments-group,2023-06-06 03:45:42,2025-01-03 03:45:42
378,Parker Tools,parker-tools,2024-08-31 00:47:26,2025-05-16 00:47:26
379,Brian & Livingston Tools LLC,brian-and-livingston-tools-llc,2023-05-01 06:05:20,2024-05-17 06:05:20
380,Nguyen Solutions,nguyen-solutions,2025-02-27 09:35:54,2026-11-13 09:35:54
381,The Lucas Supplies Co.,the-lucas-supplies-co,2025-04-23 21:08:20,2025-09-21 21:08:20
382,Lindsay & Jones Components,lindsay-and-jones-components,2024-05-12 06:40:22,2026-02-07 06:40:22
383,Ward Brothers Instruments Group,ward-brothers-instruments-group,2025-03-19 23:46:20,2027-11-07 23:46:20
384,Advanced Patrick Systems,advanced-patrick-systems,2025-06-05 06:47:30,2027-04-30 06:47:30
385,The Nguyen Tech Co.,the-nguyen-tech-co,2023-03-18 17:27:00,2025-11-08 17:27:00
386,Sarah Davis Manufacturing,sarah-davis-manufacturing,2022-07-07 04:54:00,2025-03-10 04:54:00
387,Precision Products Group,precision-products-group,2023-10-15 19:48:32,2026-06-09 19:48:32
388,Donna & Martin Solutions,donna-and-martin-solutions,2023-08-22 06:52:21,2026-03-14 06:52:21
389,Regina Supplies,regina-supplies,2025-05-24 12:23:29,2026-04-23 12:23:29
390,Universal Builders Group,universal-builders-group,2023-10-19 05:57:12,2025-05-04 05:57:12
391,Melvin Devices LLC,melvin-devices-llc,2024-12-20 17:46:08,2027-08-14 17:46:08
392,Moreno Master Devices Corp.,moreno-master-devices-corp,2025-02-26 12:19:52,2026-09-24 12:19:52
393,Jefferson Brothers Solutions,jefferson-brothers-solutions,2023-04-14 08:46:20,2024-09-19 08:46:20
394,Jones Brothers Innovations,jones-brothers-innovations,2023-04-29 17:33:53,2024-01-19 17:33:53
395,Debbie Equipment,debbie-equipment,2024-10-12 11:42:59,2025-09-27 11:42:59
396,Elite Instruments,elite-instruments,2024-01-12 01:13:34,2026-03-25 01:13:34
397,Jennifer Solutions International,jennifer-solutions-international,2022-08-16 09:51:41,2023-06-06 09:51:41
398,Elite Engineering Group,elite-engineering-group,2022-07-04 20:17:08,2022-07-18 20:17:08
399,Angela & Kidd Solutions,angela-and-kidd-solutions,2023-07-24 19:57:48,2025-02-20 19:57:48
400,Prime Allen Materials,prime-allen-materials,2022-08-17 16:22:44,2024-03-06 16:22:44
401,Joyce Lopez Tools,joyce-lopez-tools,2024-11-06 20:41:20,2027-05-30 20:41:20
402,The Robertson Equipment Co.,the-robertson-equipment-co,2024-08-23 18:23:43,2027-03-25 18:23:43
403,Quality Johns Components,quality-johns-components,2023-03-28 00:10:05,2023-04-26 00:10:05
404,The Henderson Systems Co.,the-henderson-systems-co,2022-11-24 16:02:50,2023-12-31 16:02:50
405,Smith Advanced Innovations,smith-advanced-innovations,2023-12-21 13:30:06,2024-10-21 13:30:06
406,Robert Mendoza Products,robert-mendoza-products,2022-11-02 07:57:04,2024-02-04 07:57:04
407,Corey Products Corp.,corey-products-corp,2023-07-25 21:08:10,2026-03-18 21:08:10
408,BB Machinery,bb-machinery,2024-02-27 19:50:51,2024-03-28 19:50:51
409,Lopez Brothers Machinery,lopez-brothers-machinery,2025-03-31 06:31:32,2026-01-09 06:31:32
410,Dawn Machinery,dawn-machinery,2023-07-02 09:26:58,2024-02-21 09:26:58
411,Universal Innovations Group,universal-innovations-group,2023-02-17 17:51:29,2024-10-02 17:51:29
412,The Walsh Instruments Co. Group,the-walsh-instruments-co-group,2023-11-17 21:02:49,2024-09-24 21:02:49
413,Trusted Tools International,trusted-tools-international,2023-08-19 14:23:31,2023-12-04 14:23:31
414,Benjamin Products,benjamin-products,2025-05-30 12:40:50,2027-01-20 12:40:50
415,Lisa Components Co.,lisa-components-co,2023-12-02 01:47:20,2026-01-01 01:47:20
416,Innovative Hardware Group,innovative-hardware-group,2022-08-02 20:20:21,2024-03-04 20:20:21
417,Lambert Classic Instruments,lambert-classic-instruments,2024-02-18 04:24:44,2024-10-08 04:24:44
418,Carla Tech Inc.,carla-tech-inc,2023-12-26 10:57:45,2026-07-23 10:57:45
419,Reliable Engineering,reliable-engineering,2023-12-26 03:57:10,2026-06-13 03:57:10
420,Sabrina Weber Solutions,sabrina-weber-solutions,2023-03-24 17:42:22,2025-10-08 17:42:22
421,JM Mechanics,jm-mechanics,2023-01-15 18:01:02,2024-05-05 18:01:02
422,Kennedy Materials,kennedy-materials,2024-09-17 00:26:36,2026-07-25 00:26:36
423,Quality Components,quality-components,2025-03-11 17:56:49,2026-07-07 17:56:49
424,Craig Products,craig-products,2025-03-03 06:29:23,2025-04-06 06:29:23
425,TC Engineering Co.,tc-engineering-co,2023-06-15 23:59:22,2023-08-21 23:59:22
426,Jackson Engineering,jackson-engineering,2023-07-22 12:08:10,2025-12-20 12:08:10
427,Durable Mechanics LLC,durable-mechanics-llc,2023-02-22 13:10:10,2024-08-16 13:10:10
428,Anderson Brothers Equipment,anderson-brothers-equipment,2024-07-09 04:11:06,2026-02-04 04:11:06
429,Cole Tech LLC,cole-tech-llc,2025-04-09 22:15:53,2026-08-08 22:15:53
430,The Gregory Products Co.,the-gregory-products-co,2022-10-14 08:16:21,2023-07-21 08:16:21
431,Ramos Classic Tech LLC,ramos-classic-tech-llc,2023-03-17 21:46:33,2023-12-21 21:46:33
432,Brown Premier Tech International,brown-premier-tech-international,2024-11-03 11:35:38,2026-10-07 11:35:38
433,The Patterson Builders Co. Group,the-patterson-builders-co-group,2022-06-23 19:47:19,2024-12-17 19:47:19
434,HS Machinery,hs-machinery,2022-12-03 20:49:23,2024-08-19 20:49:23
435,Professional Innovations LLC,professional-innovations-llc,2024-12-16 16:33:58,2025-10-04 16:33:58
436,Brennan Brothers Materials,brennan-brothers-materials,2022-11-19 13:18:09,2023-01-27 13:18:09
437,Derrick Components,derrick-components,2023-12-31 03:52:18,2025-06-02 03:52:18
438,Gregory & Barrett Solutions,gregory-and-barrett-solutions,2023-12-20 17:27:42,2024-06-29 17:27:42
439,RE Tech,re-tech,2022-07-13 14:08:22,2024-10-14 14:08:22
440,Smith Master Products,smith-master-products,2024-08-03 12:15:21,2025-12-24 12:15:21
441,John Machinery,john-machinery,2024-08-26 19:05:48,2027-05-06 19:05:48
442,Robust Innovations Group Co.,robust-innovations-group-co,2022-12-05 01:06:48,2023-09-07 01:06:48
443,MM Manufacturing,mm-manufacturing,2023-04-21 11:22:28,2024-12-31 11:22:28
444,Industrial Sanchez Equipment LLC,industrial-sanchez-equipment-llc,2025-02-10 01:29:34,2026-12-31 01:29:34
445,Lawrence Tools,lawrence-tools,2023-07-26 13:29:54,2024-04-30 13:29:54
446,Prime Materials,prime-materials,2023-09-24 23:06:10,2026-03-29 23:06:10
447,Rogers Brothers Components,rogers-brothers-components,2023-09-04 05:09:17,2025-08-12 05:09:17
448,Zoe Manufacturing,zoe-manufacturing,2024-05-20 09:45:45,2025-04-30 09:45:45
449,Harris Expert Equipment,harris-expert-equipment,2023-11-17 09:51:07,2025-06-26 09:51:07
450,Classic Powers Solutions,classic-powers-solutions,2024-06-19 15:59:30,2026-05-26 15:59:30
451,AD Devices Group,ad-devices-group,2023-06-05 21:38:08,2024-10-03 21:38:08
452,Andre Velez Tech,andre-velez-tech,2025-01-16 08:16:00,2025-12-31 08:16:00
453,Jennifer & Waller Engineering Industries,jennifer-and-waller-engineering-industries,2025-04-05 04:56:20,2026-02-08 04:56:20
454,Cox Engineering Group,cox-engineering-group,2024-10-13 17:34:38,2025-07-26 17:34:38
455,DB Products,db-products,2024-11-21 06:27:27,2026-08-13 06:27:27
456,Connie & Carr Solutions,connie-and-carr-solutions,2023-07-07 15:42:35,2024-05-20 15:42:35
457,Performance Tools Group Co.,performance-tools-group-co,2024-06-27 18:49:44,2025-03-21 18:49:44
458,Precision Components Group Corp.,precision-components-group-corp,2024-10-25 07:57:52,2026-05-19 07:57:52
459,Reliable Components Group International,reliable-components-group-international,2025-04-20 17:49:30,2026-12-04 17:49:30
460,SE Mechanics,se-mechanics,2022-09-23 22:37:34,2022-11-19 22:37:34
461,The Fuller Innovations Co.,the-fuller-innovations-co,2025-06-04 04:07:22,2026-06-09 04:07:22
462,Technical Solutions,technical-solutions,2024-04-07 13:25:24,2024-09-30 13:25:24
463,Scott Riley Engineering,scott-riley-engineering,2023-07-31 08:40:12,2024-05-31 08:40:12
464,Dynamic Devices Group,dynamic-devices-group,2024-07-27 22:45:39,2026-08-16 22:45:39
465,AC Builders,ac-builders,2022-12-29 04:14:34,2025-08-14 04:14:34
466,Professional Devices Group LLC,professional-devices-group-llc,2023-03-11 04:11:37,2024-08-15 04:11:37
467,Daniels Equipment,daniels-equipment,2022-09-10 08:18:11,2024-10-12 08:18:11
468,Quality Equipment,quality-equipment,2023-02-24 10:10:01,2023-06-26 10:10:01
469,The Walker Products Co.,the-walker-products-co,2025-03-25 11:52:09,2026-09-16 11:52:09
470,Durable Garcia Industrial International,durable-garcia-industrial-international,2025-03-26 14:05:13,2025-09-21 14:05:13
471,Clark Products,clark-products,2025-05-16 22:20:48,2025-06-29 22:20:48
472,The Garcia Tools Co.,the-garcia-tools-co,2025-03-09 19:44:35,2025-05-23 19:44:35
473,Nicholas & Waters Materials Corp.,nicholas-and-waters-materials-corp,2023-01-03 06:29:15,2024-04-08 06:29:15
474,The Gomez Components Co. Inc.,the-gomez-components-co-inc,2024-02-27 23:43:54,2026-06-14 23:43:54
475,Gregory Supplies LLC,gregory-supplies-llc,2022-10-17 17:58:56,2023-03-25 17:58:56
476,Gutierrez Performance Solutions,gutierrez-performance-solutions,2024-02-14 04:17:57,2025-09-05 04:17:57
477,Ryan Brothers Industrial,ryan-brothers-industrial,2025-01-14 12:11:28,2027-07-22 12:11:28
478,Mary Machinery,mary-machinery,2025-05-08 14:40:22,2026-07-05 14:40:22
479,Hanna Brothers Products LLC,hanna-brothers-products-llc,2023-06-05 04:10:57,2025-07-22 04:10:57
480,Jennifer Ramirez Machinery LLC,jennifer-ramirez-machinery-llc,2023-07-28 07:02:32,2024-10-22 07:02:32
481,The Short Manufacturing Co.,the-short-manufacturing-co,2025-02-16 01:14:41,2027-09-11 01:14:41
482,Tonya & Wong Devices,tonya-and-wong-devices,2024-12-06 03:29:43,2027-06-13 03:29:43
483,Cunningham Superior Components,cunningham-superior-components,2023-05-15 16:05:58,2024-07-02 16:05:58
484,Brandon & Cole Supplies,brandon-and-cole-supplies,2023-03-24 15:22:42,2024-12-14 15:22:42
485,Garrett & Smith Builders,garrett-and-smith-builders,2024-02-17 19:52:43,2025-09-02 19:52:43
486,Mcdaniel Brothers Supplies,mcdaniel-brothers-supplies,2023-05-03 15:33:56,2023-11-11 15:33:56
487,Gregory International Engineering,gregory-international-engineering,2024-05-21 05:03:05,2025-06-09 05:03:05
488,Heavy-Duty Reid Tools,heavy-duty-reid-tools,2023-01-17 03:51:30,2024-12-18 03:51:30
489,Master Equipment Group,master-equipment-group,2024-04-09 18:34:50,2025-04-15 18:34:50
490,DH Supplies,dh-supplies,2025-03-30 16:03:49,2026-12-05 16:03:49
491,The Reyes Materials Co.,the-reyes-materials-co,2025-03-18 15:30:44,2026-01-12 15:30:44
492,Ashley Irwin Tools Co.,ashley-irwin-tools-co,2024-07-10 12:41:52,2024-11-09 12:41:52
493,Mark & Cook Hardware,mark-and-cook-hardware,2025-05-11 03:04:55,2026-12-17 03:04:55
494,EM Instruments,em-instruments,2022-11-20 13:58:36,2023-06-26 13:58:36
495,Gonzalez Brothers Manufacturing LLC,gonzalez-brothers-manufacturing-llc,2023-03-03 23:24:57,2025-10-27 23:24:57
496,Premier Lee Tech,premier-lee-tech,2024-11-07 07:04:23,2027-02-17 07:04:23
497,TS Equipment,ts-equipment,2024-09-18 03:16:31,2027-05-11 03:16:31
498,Master Engineering,master-engineering,2023-06-14 22:56:05,2024-09-13 22:56:05
499,Trusted Garcia Devices,trusted-garcia-devices,2023-01-25 18:27:49,2023-11-08 18:27:49
500,Dynamic Materials,dynamic-materials,2024-01-11 16:15:24,2025-10-18 16:15:24
