id,parent_id,name,slug,created_at,updated_at
1,,Power Tools,power-tools,2025-01-22 21:38:49,2025-10-30 21:38:49
2,,Hand Tools,hand-tools,2024-05-24 03:55:22,2024-12-28 03:55:22
3,,Garden Tools,garden-tools,2023-08-17 07:00:28,2024-01-09 07:00:28
4,,Measuring Tools,measuring-tools,2024-07-06 02:32:10,2024-08-12 02:32:10
5,,Cutting Tools,cutting-tools,2023-11-16 03:29:03,2023-12-21 03:29:03
6,,Storage Tools,storage-tools,2023-11-16 08:19:25,2024-10-20 08:19:25
7,,Automotive Tools,automotive-tools,2024-10-29 05:18:14,2025-09-08 05:18:14
8,,Safety Equipment,safety-equipment,2024-01-18 07:49:18,2024-01-23 07:49:18
9,,Electrical Tools,electrical-tools,2023-12-27 00:26:53,2024-02-12 00:26:53
10,,Plumbing Tools,plumbing-tools,2025-02-28 20:55:43,2025-05-24 20:55:43
11,,Welding Tools,welding-tools,2025-05-29 00:32:37,2025-06-15 00:32:37
12,,Woodworking Tools,woodworking-tools,2024-04-17 14:54:40,2024-05-15 14:54:40
13,,Painting Supplies,painting-supplies,2024-07-22 12:59:52,2025-04-01 12:59:52
14,,Cleaning Equipment,cleaning-equipment,2025-03-23 04:08:59,2025-04-11 04:08:59
15,,Construction Tools,construction-tools,2024-11-23 06:39:53,2025-01-22 06:39:53
16,8,Extendable Helmets,extendable-helmets,2023-12-31 12:10:38,2024-09-26 12:10:38
17,7,Accessories Oil Change Tools Set,accessories-oil-change-tools-set,2023-07-19 21:12:31,2024-04-09 21:12:31
18,12,Snap-on Sanders,snap-on-sanders,2025-03-22 13:35:50,2025-10-01 13:35:50
19,13,Drop Cloths,drop-cloths,2025-03-21 12:35:32,2025-05-30 12:35:32
20,14,Brooms,brooms,2025-06-04 18:20:49,2026-03-03 18:20:49
21,14,Vacuums,vacuums,2024-01-18 15:52:07,2024-09-16 15:52:07
22,13,Husky Professional Rollers,husky-professional-rollers,2024-04-14 06:14:34,2024-08-26 06:14:34
23,1,Heavy Duty Saws Collection,heavy-duty-saws-collection,2024-01-29 04:58:14,2024-10-09 04:58:14
24,10,Irwin All-Purpose Pipe Wrenches,irwin-all-purpose-pipe-wrenches,2024-06-21 11:51:03,2025-03-04 11:51:03
25,12,Battery-Powered Saws,battery-powered-saws,2024-02-24 12:53:05,2024-06-04 12:53:05
26,4,Automatic Calipers,automatic-calipers,2023-10-28 10:43:29,2023-12-23 10:43:29
27,7,Ridgid Bench Top Oil Change Tools,ridgid-bench-top-oil-change-tools,2024-03-09 01:55:05,2024-11-01 01:55:05
28,2,Utility Knives,utility-knives,2023-11-18 23:36:09,2024-07-24 23:36:09
29,12,Saws,saws,2025-04-19 05:30:00,2025-05-24 05:30:00
30,3,Hitachi Tradesman Pruners,hitachi-tradesman-pruners,2023-07-31 14:07:08,2024-06-29 14:07:08
31,12,Klein Entry-Level Router Bits,klein-entry-level-router-bits,2023-08-23 18:39:18,2024-03-08 18:39:18
32,15,Drywall Tools,drywall-tools,2024-07-27 06:01:29,2025-01-10 06:01:29
33,9,Circuit Testers,circuit-testers,2024-05-09 01:03:17,2025-02-11 01:03:17
34,4,Precision Laser Measures Set,precision-laser-measures-set,2024-10-17 11:43:31,2025-05-04 11:43:31
35,7,Folding Socket Sets Kit,folding-socket-sets-kit,2024-12-31 20:35:07,2025-08-12 20:35:07
36,14,Industrial Vacuums Collection,industrial-vacuums-collection,2023-07-25 19:53:20,2024-05-12 19:53:20
37,4,Advanced Levels,advanced-levels,2024-12-28 19:07:40,2025-01-15 19:07:40
38,14,Electric Mops Pack,electric-mops-pack,2023-12-27 18:16:54,2024-07-09 18:16:54
39,10,Extendable Faucet Keys,extendable-faucet-keys,2023-07-21 15:59:45,2023-08-23 15:59:45
40,4,Hitachi Calipers,hitachi-calipers,2023-10-13 20:41:37,2024-09-18 20:41:37
41,11,Welding Machines,welding-machines,2024-03-18 06:59:48,2024-10-14 06:59:48
42,12,Corded Saws,corded-saws,2023-10-25 11:02:19,2023-11-09 11:02:19
43,9,Automatic Wire Strippers Pack,automatic-wire-strippers-pack,2024-12-16 15:32:00,2025-01-24 15:32:00
44,12,Industrial Sanders,industrial-sanders,2023-12-12 06:06:25,2024-09-05 06:06:25
45,11,Dremel Electrode Holders,dremel-electrode-holders,2024-11-28 09:58:41,2025-01-21 09:58:41
46,7,Hitachi Battery Tools,hitachi-battery-tools,2024-06-24 23:35:45,2025-02-23 23:35:45
47,3,Hoses,hoses,2024-03-20 00:48:21,2024-05-10 00:48:21
48,13,Pneumatic Rollers Kit,pneumatic-rollers-kit,2024-05-31 01:13:24,2024-12-14 01:13:24
49,7,Festool Battery Tools,festool-battery-tools,2024-10-20 13:04:21,2024-12-03 13:04:21
50,10,Digital Plungers,digital-plungers,2024-09-16 15:27:57,2025-06-23 15:27:57
51,11,Contractor Welding Gloves,contractor-welding-gloves,2024-10-03 02:23:34,2024-10-26 02:23:34
52,10,Snap-on Multi-Purpose Faucet Keys,snap-on-multi-purpose-faucet-keys,2023-12-23 00:31:58,2024-04-19 00:31:58
53,7,Car Jacks,car-jacks,2024-08-04 04:26:31,2025-02-09 04:26:31
54,9,Multimeters,multimeters,2024-10-14 23:04:42,2025-04-07 23:04:42
55,15,Tacklife Basic Ladders,tacklife-basic-ladders,2023-08-24 06:19:12,2023-09-06 06:19:12
56,9,Dremel Voltage Testers,dremel-voltage-testers,2023-07-15 04:52:36,2023-07-24 04:52:36
57,6,Metabo Heavy Duty Organizers,metabo-heavy-duty-organizers,2025-04-19 19:04:35,2025-09-04 19:04:35
58,10,Basic Drain Snakes,basic-drain-snakes,2023-10-13 12:20:08,2024-07-29 12:20:08
59,10,Kits Pipe Benders Set,kits-pipe-benders-set,2024-11-14 13:18:23,2025-04-21 13:18:23
60,15,Roofing Tools,roofing-tools,2024-07-16 20:43:57,2024-09-09 20:43:57
61,12,Digital Wood Lathes,digital-wood-lathes,2023-11-09 01:13:52,2024-03-04 01:13:52
62,5,Hilti Basic Pipe Cutters,hilti-basic-pipe-cutters,2025-04-09 09:59:49,2025-11-03 09:59:49
63,13,Industrial Trays,industrial-trays,2024-04-18 00:20:21,2025-02-23 00:20:21
64,6,All-Purpose Cabinets Collection,all-purpose-cabinets-collection,2024-01-16 17:22:52,2024-05-11 17:22:52
65,12,Router Bits,router-bits,2024-07-28 05:11:15,2025-05-08 05:11:15
66,10,Basic Pipe Benders Pack,basic-pipe-benders-pack,2024-11-12 05:28:53,2025-07-20 05:28:53
67,3,Dremel Rakes,dremel-rakes,2023-07-17 22:03:24,2023-10-30 22:03:24
68,9,Heavy Duty Soldering Irons Kit,heavy-duty-soldering-irons-kit,2024-06-29 21:46:19,2024-11-22 21:46:19
69,13,Rollers,rollers,2024-09-11 10:08:00,2024-11-05 10:08:00
70,9,Precision Soldering Irons,precision-soldering-irons,2024-03-09 19:46:49,2024-12-11 19:46:49
71,15,Concrete Tools,concrete-tools,2025-05-01 07:59:13,2025-12-26 07:59:13
72,11,DeWalt Corded Welding Helmets,dewalt-corded-welding-helmets,2024-05-17 05:59:45,2024-12-14 05:59:45
73,7,Socket Sets,socket-sets,2023-11-03 11:35:46,2023-12-30 11:35:46
74,8,Industrial Masks Collection,industrial-masks-collection,2024-06-28 08:29:57,2025-02-28 08:29:57
75,7,Compact Car Jacks Set,compact-car-jacks-set,2024-06-05 17:40:40,2025-05-27 17:40:40
76,13,Automatic Rollers Pack,automatic-rollers-pack,2023-09-21 15:07:45,2023-10-12 15:07:45
77,7,Ridgid Diagnostic Tools,ridgid-diagnostic-tools,2024-10-19 14:48:09,2025-06-05 14:48:09
78,13,Hilti Sprayers,hilti-sprayers,2024-11-22 03:53:28,2025-10-27 03:53:28
79,11,Husky Welding Gloves,husky-welding-gloves,2024-01-04 04:02:48,2024-12-02 04:02:48
80,14,Pressure Washers,pressure-washers,2023-12-24 07:19:35,2024-12-23 07:19:35
81,12,Manual Carving Tools Series,manual-carving-tools-series,2023-10-09 00:38:22,2024-03-10 00:38:22
82,12,Stand-Alone Planes Set,stand-alone-planes-set,2024-07-18 10:58:32,2025-05-01 10:58:32
83,5,Rechargeable Box Cutters Series,rechargeable-box-cutters-series,2024-04-22 13:03:19,2024-05-14 13:03:19
84,14,Pneumatic Buckets Line,pneumatic-buckets-line,2024-04-01 21:14:49,2024-06-11 21:14:49
85,9,Pneumatic Multimeters,pneumatic-multimeters,2024-07-19 01:02:00,2025-05-22 01:02:00
86,2,Parts Hammers Collection,parts-hammers-collection,2024-04-28 03:46:11,2024-06-23 03:46:11
87,15,Kits Scaffolding,kits-scaffolding,2023-10-04 06:13:49,2024-09-21 06:13:49
88,15,Ladders,ladders,2023-09-05 10:37:10,2023-11-05 10:37:10
89,6,Snap-on Cabinets,snap-on-cabinets,2024-11-18 17:38:42,2025-02-01 17:38:42
90,10,Klein Commercial Pipe Cutters,klein-commercial-pipe-cutters,2024-12-05 23:06:55,2025-07-06 23:06:55
91,4,Makita Squares,makita-squares,2025-04-26 10:31:20,2025-12-07 10:31:20
92,2,Makita Adjustable Pliers,makita-adjustable-pliers,2023-12-27 09:40:08,2024-03-22 09:40:08
93,4,Calipers,calipers,2025-04-10 05:05:19,2025-11-12 05:05:19
94,7,Stanley Oil Change Tools,stanley-oil-change-tools,2025-03-29 08:46:34,2025-04-19 08:46:34
95,12,DeWalt Smart Saws,dewalt-smart-saws,2023-08-16 20:36:25,2024-08-14 20:36:25
96,14,Bosch Extendable Buckets,bosch-extendable-buckets,2024-12-19 17:24:31,2025-09-19 17:24:31
97,2,Premium Files Set,premium-files-set,2023-07-22 20:03:55,2023-12-05 20:03:55
98,5,Skil Automatic Pipe Cutters,skil-automatic-pipe-cutters,2024-11-26 20:19:36,2025-08-22 20:19:36
99,11,Klein Specialty Welding Machines,klein-specialty-welding-machines,2023-12-27 02:38:25,2024-01-25 02:38:25
100,4,Stanley Portable Angle Finders,stanley-portable-angle-finders,2024-07-13 10:10:05,2025-06-27 10:10:05
101,3,DeWalt Pruners,dewalt-pruners,2025-04-22 08:57:18,2026-01-26 08:57:18
102,1,Festool Parts Routers,festool-parts-routers,2025-06-07 12:33:57,2025-09-25 12:33:57
103,5,Hart Glass Cutters,hart-glass-cutters,2025-02-16 07:28:27,2026-01-31 07:28:27
104,6,Shelving,shelving,2023-07-25 14:53:53,2024-06-01 14:53:53
105,6,Premium Cabinets,premium-cabinets,2024-01-13 04:23:40,2024-12-23 04:23:40
106,14,Tradesman Scrubbers Line,tradesman-scrubbers-line,2023-07-12 07:23:43,2023-11-28 07:23:43
107,9,Metabo Circuit Testers,metabo-circuit-testers,2024-05-12 14:49:54,2025-01-25 14:49:54
108,4,Black & Decker Essential Calipers,black-&-decker-essential-calipers,2025-01-18 14:49:55,2025-06-23 14:49:55
109,2,All-Purpose Chisels Pack,all-purpose-chisels-pack,2024-02-26 08:06:51,2024-08-16 08:06:51
110,10,Advanced Drain Snakes,advanced-drain-snakes,2023-07-08 18:34:54,2023-08-12 18:34:54
111,14,Stanley Dusters,stanley-dusters,2024-05-07 03:29:45,2025-03-06 03:29:45
112,15,Sets Roofing Tools,sets-roofing-tools,2023-09-17 06:04:59,2023-11-21 06:04:59
113,7,Milwaukee Wall-Mounted Diagnostic Tools,milwaukee-wall-mounted-diagnostic-tools,2025-04-30 22:10:00,2025-11-01 22:10:00
114,14,Stanley Vacuums,stanley-vacuums,2024-08-03 15:36:52,2025-05-17 15:36:52
115,8,Hilti First Aid Kits,hilti-first-aid-kits,2024-10-15 23:52:45,2025-09-17 23:52:45
116,7,Stanley Entry-Level Car Jacks,stanley-entry-level-car-jacks,2024-09-12 10:27:37,2024-12-29 10:27:37
117,4,Precision Calipers Series,precision-calipers-series,2024-03-29 06:43:51,2024-04-10 06:43:51
118,2,Corded Wrenches,corded-wrenches,2023-08-03 18:58:40,2023-11-22 18:58:40
119,2,Sets Chisels Series,sets-chisels-series,2024-01-15 10:22:24,2024-01-18 10:22:24
120,7,Stanley Digital Socket Sets,stanley-digital-socket-sets,2025-01-17 01:12:23,2025-05-21 01:12:23
121,14,Scrubbers,scrubbers,2025-01-08 00:35:41,2025-01-10 00:35:41
122,9,Bosch Voltage Testers,bosch-voltage-testers,2025-02-22 19:25:20,2025-06-08 19:25:20
123,5,Manual Box Cutters,manual-box-cutters,2023-09-30 13:23:06,2024-01-29 13:23:06
124,2,Battery-Powered Utility Knives Pack,battery-powered-utility-knives-pack,2024-10-15 13:13:44,2025-10-06 13:13:44
125,5,Stand-Alone Bolt Cutters,stand-alone-bolt-cutters,2024-08-27 11:05:24,2025-02-27 11:05:24
126,6,Folding Hooks Set,folding-hooks-set,2024-06-10 10:25:34,2024-09-05 10:25:34
127,9,Soldering Irons,soldering-irons,2024-11-07 09:28:18,2024-11-07 09:28:18
128,15,Electric Ladders,electric-ladders,2025-04-06 12:01:39,2025-06-05 12:01:39
129,8,Masks,masks,2024-06-21 17:21:48,2025-06-04 17:21:48
130,10,Stand-Alone Pipe Wrenches,stand-alone-pipe-wrenches,2025-02-12 14:51:36,2025-07-25 14:51:36
131,1,DIY Impact Wrenches,diy-impact-wrenches,2023-10-10 21:14:58,2024-07-02 21:14:58
132,3,Ergonomic Hoses,ergonomic-hoses,2024-01-19 17:34:31,2024-07-06 17:34:31
133,2,Adjustable Utility Knives,adjustable-utility-knives,2024-09-26 16:52:46,2025-09-05 16:52:46
134,4,Metabo Tape Measures,metabo-tape-measures,2024-08-20 12:59:08,2025-05-26 12:59:08
135,10,Contractor Pipe Wrenches Series,contractor-pipe-wrenches-series,2024-11-24 10:02:54,2025-04-23 10:02:54
136,6,Heavy Duty Bins,heavy-duty-bins,2024-08-13 01:57:34,2025-02-10 01:57:34
137,6,Multi-Purpose Cabinets,multi-purpose-cabinets,2024-01-07 03:00:00,2024-02-19 03:00:00
138,1,Extendable Sanders,extendable-sanders,2023-08-28 22:57:49,2024-01-15 22:57:49
139,10,Portable Pipe Benders Collection,portable-pipe-benders-collection,2023-08-28 21:01:18,2023-12-27 21:01:18
140,4,Levels,levels,2024-04-16 22:30:26,2025-02-26 22:30:26
141,15,Contractor Ladders Pack,contractor-ladders-pack,2025-01-02 14:29:32,2025-11-20 14:29:32
142,5,Ergonomic Box Cutters Pack,ergonomic-box-cutters-pack,2024-11-03 02:20:10,2025-07-07 02:20:10
143,2,Makita Folding Pliers,makita-folding-pliers,2024-02-18 01:32:13,2024-11-17 01:32:13
144,11,Craftsman Welding Gloves,craftsman-welding-gloves,2024-08-08 08:10:50,2025-04-28 08:10:50
145,7,Stand-Alone Battery Tools Set,stand-alone-battery-tools-set,2023-11-22 23:53:37,2024-03-01 23:53:37
146,4,Laser Measures,laser-measures,2024-09-18 09:19:44,2024-12-06 09:19:44
147,14,Porter-Cable Mops,porter-cable-mops,2024-11-14 11:15:05,2025-06-28 11:15:05
148,1,Impact Wrenches,impact-wrenches,2024-11-09 07:14:09,2025-01-28 07:14:09
149,10,Ryobi Plungers,ryobi-plungers,2023-11-28 10:36:03,2024-04-23 10:36:03
150,6,Organizers,organizers,2025-01-30 23:56:51,2025-11-17 23:56:51
151,13,Worx Sprayers,worx-sprayers,2024-08-30 09:06:32,2024-12-20 09:06:32
152,4,Digital Rulers,digital-rulers,2025-03-16 05:58:20,2025-11-11 05:58:20
153,15,Scaffolding,scaffolding,2023-09-16 22:42:45,2024-03-08 22:42:45
154,5,Cordless Scissors Series,cordless-scissors-series,2024-11-23 10:09:53,2025-08-24 10:09:53
155,14,Makita Brooms,makita-brooms,2025-06-01 08:36:55,2025-11-16 08:36:55
156,10,Husky Commercial Pipe Wrenches,husky-commercial-pipe-wrenches,2024-11-07 02:58:47,2025-10-28 02:58:47
157,15,Electric Scaffolding Set,electric-scaffolding-set,2024-07-08 13:29:26,2024-08-21 13:29:26
158,1,Planers,planers,2024-01-22 13:59:28,2024-12-03 13:59:28
159,3,Pneumatic Sprinklers Kit,pneumatic-sprinklers-kit,2024-04-27 04:11:20,2025-02-17 04:11:20
160,2,Screwdrivers,screwdrivers,2024-06-08 00:22:57,2025-01-03 00:22:57
161,4,Festool Rulers,festool-rulers,2024-01-05 03:16:36,2024-08-08 03:16:36
162,11,Welding Helmets,welding-helmets,2024-03-24 13:58:25,2025-02-08 13:58:25
163,10,Pipe Wrenches,pipe-wrenches,2024-08-21 23:55:05,2024-10-09 23:55:05
164,5,Bench Top Scissors Series,bench-top-scissors-series,2025-01-20 16:55:29,2025-07-11 16:55:29
165,3,Wheelbarrows,wheelbarrows,2023-08-03 09:01:06,2024-06-13 09:01:06
166,6,Heavy Duty Organizers Collection,heavy-duty-organizers-collection,2024-01-18 20:20:18,2024-09-19 20:20:18
167,10,Craftsman Faucet Keys,craftsman-faucet-keys,2023-10-17 16:07:18,2024-02-10 16:07:18
168,4,Milwaukee Laser Measures,milwaukee-laser-measures,2024-03-05 13:21:36,2024-10-27 13:21:36
169,6,Tacklife Parts Bags,tacklife-parts-bags,2024-07-01 22:03:22,2024-11-17 22:03:22
170,15,Ladders,ladders,2025-03-26 16:32:36,2025-06-20 16:32:36
171,12,Snap-on Battery-Powered Chisels,snap-on-battery-powered-chisels,2024-03-07 18:47:25,2024-09-17 18:47:25
172,10,Worx Advanced Pipe Benders,worx-advanced-pipe-benders,2023-08-09 08:05:17,2024-05-10 08:05:17
173,6,Milwaukee Cabinets,milwaukee-cabinets,2024-11-06 13:03:00,2025-09-07 13:03:00
174,7,Accessories Socket Sets,accessories-socket-sets,2024-12-01 11:49:25,2025-06-21 11:49:25
175,6,Black & Decker Toolboxes,black-&-decker-toolboxes,2023-09-25 20:17:18,2023-12-28 20:17:18
176,2,Tacklife Utility Knives,tacklife-utility-knives,2024-09-06 05:36:01,2024-12-26 05:36:01
177,13,Tape,tape,2024-05-19 06:29:32,2025-02-18 06:29:32
178,6,Cabinets,cabinets,2024-08-13 15:27:20,2025-07-11 15:27:20
179,13,Hart Multi-Purpose Sprayers,hart-multi-purpose-sprayers,2024-10-16 01:52:15,2025-02-26 01:52:15
180,7,Porter-Cable Battery Tools,porter-cable-battery-tools,2024-07-31 22:49:05,2024-12-30 22:49:05
181,5,Precision Bolt Cutters Series,precision-bolt-cutters-series,2025-06-06 15:18:01,2026-02-11 15:18:01
182,2,All-Purpose Clamps Set,all-purpose-clamps-set,2024-07-21 15:42:12,2025-04-25 15:42:12
183,13,Makita Portable Drop Cloths,makita-portable-drop-cloths,2025-02-12 08:52:26,2025-04-24 08:52:26
184,7,Commercial Car Jacks Pack,commercial-car-jacks-pack,2025-02-20 06:54:37,2025-10-16 06:54:37
185,12,Hilti Saws,hilti-saws,2024-04-11 16:40:28,2024-07-11 16:40:28
186,8,Porter-Cable Masks,porter-cable-masks,2024-04-24 14:53:12,2024-07-26 14:53:12
187,10,Electric Pipe Cutters,electric-pipe-cutters,2024-09-06 05:29:17,2025-05-18 05:29:17
188,14,Klein All-Purpose Dusters,klein-all-purpose-dusters,2024-10-17 04:33:06,2025-04-26 04:33:06
189,2,Precision Clamps Line,precision-clamps-line,2023-06-22 23:40:38,2023-10-17 23:40:38
190,9,Irwin Voltage Testers,irwin-voltage-testers,2023-06-30 14:04:23,2023-09-22 14:04:23
191,4,Specialty Rulers Series,specialty-rulers-series,2024-02-14 23:12:22,2024-03-16 23:12:22
192,13,Kits Drop Cloths Pack,kits-drop-cloths-pack,2023-08-05 17:01:20,2024-01-01 17:01:20
193,6,Automatic Organizers Series,automatic-organizers-series,2024-08-11 17:02:04,2024-11-04 17:02:04
194,12,Chisels,chisels,2023-08-08 07:38:08,2023-08-31 07:38:08
195,11,Wall-Mounted Welding Gloves,wall-mounted-welding-gloves,2023-10-06 20:08:05,2024-06-20 20:08:05
196,2,Chisels,chisels,2024-11-21 17:31:29,2025-03-29 17:31:29
197,13,Essential Rollers,essential-rollers,2025-02-09 19:42:01,2025-09-22 19:42:01
198,7,Irwin Socket Sets,irwin-socket-sets,2025-06-15 18:59:27,2025-10-13 18:59:27
199,13,Hart Essential Brushes,hart-essential-brushes,2024-02-24 00:17:30,2024-05-20 00:17:30
200,10,All-Purpose Pipe Wrenches,all-purpose-pipe-wrenches,2024-06-27 22:47:31,2025-05-05 22:47:31
201,13,Digital Paint Mixers,digital-paint-mixers,2025-05-14 23:02:18,2026-03-20 23:02:18
202,15,Worx Sets Ladders,worx-sets-ladders,2025-01-17 06:51:29,2025-11-01 06:51:29
203,6,Professional Cabinets,professional-cabinets,2025-03-20 12:25:42,2026-02-24 12:25:42
204,8,Milwaukee Masks,milwaukee-masks,2024-11-12 02:03:06,2024-12-07 02:03:06
205,7,Essential Socket Sets Series,essential-socket-sets-series,2024-11-21 00:55:56,2025-01-13 00:55:56
206,14,Cordless Dusters Pack,cordless-dusters-pack,2024-11-21 11:49:48,2024-12-24 11:49:48
207,11,Cordless Welding Helmets,cordless-welding-helmets,2025-02-15 23:36:11,2025-08-21 23:36:11
208,2,Ryobi Screwdrivers,ryobi-screwdrivers,2023-12-11 00:51:55,2024-03-23 00:51:55
209,3,Ryobi Battery-Powered Rakes,ryobi-battery-powered-rakes,2024-12-29 15:08:23,2025-04-07 15:08:23
210,9,Wire Strippers,wire-strippers,2024-07-08 04:09:39,2025-02-09 04:09:39
211,7,Corded Car Jacks,corded-car-jacks,2024-11-29 19:38:07,2025-02-23 19:38:07
212,6,Irwin Bins,irwin-bins,2023-07-19 05:25:33,2023-08-29 05:25:33
213,15,Bosch Essential Ladders,bosch-essential-ladders,2023-07-25 03:47:57,2023-08-25 03:47:57
214,14,Automatic Mops,automatic-mops,2024-11-10 17:27:03,2025-08-30 17:27:03
215,9,Wire Strippers,wire-strippers,2024-09-17 08:24:40,2025-09-03 08:24:40
216,5,Battery-Powered Pipe Cutters,battery-powered-pipe-cutters,2024-03-18 17:04:57,2024-09-26 17:04:57
217,3,Wheelbarrows,wheelbarrows,2024-07-22 06:49:38,2024-09-21 06:49:38
218,3,Smart Trimmers,smart-trimmers,2024-07-14 18:02:52,2024-11-26 18:02:52
219,14,Porter-Cable Scrubbers,porter-cable-scrubbers,2024-03-05 13:46:50,2024-10-30 13:46:50
220,14,Hilti Buckets,hilti-buckets,2024-09-02 10:10:55,2024-11-17 10:10:55
221,3,Wheelbarrows,wheelbarrows,2023-12-07 17:45:06,2024-12-03 17:45:06
222,14,Ridgid Brooms,ridgid-brooms,2025-01-19 23:49:56,2026-01-01 23:49:56
223,4,Porter-Cable Tape Measures,porter-cable-tape-measures,2023-11-04 05:54:37,2024-04-04 05:54:37
224,1,Hitachi Heat Guns,hitachi-heat-guns,2025-05-13 02:58:46,2025-07-31 02:58:46
225,2,Hydraulic Pliers,hydraulic-pliers,2024-08-29 12:44:24,2024-12-29 12:44:24
226,7,Specialty Battery Tools,specialty-battery-tools,2024-07-15 07:01:53,2025-06-23 07:01:53
227,7,Bosch Battery Tools,bosch-battery-tools,2025-03-29 12:20:26,2025-07-10 12:20:26
228,8,Ryobi Handheld Helmets,ryobi-handheld-helmets,2024-02-24 06:27:56,2024-05-16 06:27:56
229,3,Basic Sprinklers Pack,basic-sprinklers-pack,2024-05-31 07:17:58,2025-04-26 07:17:58
230,10,Multi-Purpose Pipe Wrenches Set,multi-purpose-pipe-wrenches-set,2024-10-31 19:35:18,2025-03-31 19:35:18
231,14,Irwin Precision Dusters,irwin-precision-dusters,2023-10-05 13:25:23,2024-09-12 13:25:23
232,13,Tacklife Stand-Alone Sprayers,tacklife-stand-alone-sprayers,2023-08-12 15:25:29,2023-10-01 15:25:29
233,15,Specialty Drywall Tools Kit,specialty-drywall-tools-kit,2023-08-02 21:18:06,2023-08-12 21:18:06
234,15,Tacklife Kits Concrete Tools,tacklife-kits-concrete-tools,2023-08-18 22:30:49,2023-09-29 22:30:49
235,5,All-Purpose Scissors Line,all-purpose-scissors-line,2024-03-17 20:14:36,2024-11-30 20:14:36
236,14,Dusters,dusters,2023-08-27 11:44:50,2024-07-04 11:44:50
237,2,Commercial Utility Knives Series,commercial-utility-knives-series,2025-01-21 21:41:23,2025-07-26 21:41:23
238,6,Worx All-Purpose Cabinets,worx-all-purpose-cabinets,2025-03-29 19:34:11,2025-06-14 19:34:11
239,13,Trays,trays,2023-11-11 08:20:25,2024-05-11 08:20:25
240,12,Commercial Carving Tools Series,commercial-carving-tools-series,2023-08-03 09:56:17,2023-11-16 09:56:17
241,2,Hilti Pliers,hilti-pliers,2023-09-12 07:15:44,2024-06-13 07:15:44
242,2,Handheld Clamps,handheld-clamps,2023-11-15 15:04:58,2024-09-27 15:04:58
243,10,Pneumatic Pipe Benders,pneumatic-pipe-benders,2023-07-25 17:18:18,2024-01-14 17:18:18
244,14,Ridgid Dusters,ridgid-dusters,2025-06-13 18:36:15,2025-12-27 18:36:15
245,5,Folding Pipe Cutters,folding-pipe-cutters,2024-12-28 23:18:41,2025-12-20 23:18:41
246,5,Milwaukee Scissors,milwaukee-scissors,2024-03-09 09:24:57,2025-01-18 09:24:57
247,9,Skil Soldering Irons,skil-soldering-irons,2024-06-29 14:11:15,2025-03-26 14:11:15
248,8,Budget Gloves Series,budget-gloves-series,2024-08-03 00:03:17,2024-09-11 00:03:17
249,4,Ridgid Parts Rulers,ridgid-parts-rulers,2023-10-02 09:31:56,2024-06-19 09:31:56
250,2,All-Purpose Chisels,all-purpose-chisels,2025-02-25 17:39:18,2025-09-03 17:39:18
251,5,Parts Glass Cutters Set,parts-glass-cutters-set,2025-01-17 21:11:37,2025-04-10 21:11:37
252,10,Heavy Duty Plungers Set,heavy-duty-plungers-set,2024-04-22 19:49:40,2024-08-08 19:49:40
253,1,Black & Decker Routers,black-&-decker-routers,2025-04-19 22:43:28,2025-08-07 22:43:28
254,9,Soldering Irons,soldering-irons,2024-04-21 08:11:40,2024-11-17 08:11:40
255,13,Pneumatic Drop Cloths Line,pneumatic-drop-cloths-line,2023-10-11 08:33:04,2024-09-07 08:33:04
256,13,Tacklife Automatic Tape,tacklife-automatic-tape,2024-12-09 09:10:33,2024-12-17 09:10:33
257,12,Basic Carving Tools Set,basic-carving-tools-set,2023-10-15 07:33:24,2024-07-07 07:33:24
258,9,Multimeters,multimeters,2024-05-08 19:05:00,2024-08-09 19:05:00
259,7,Battery Tools,battery-tools,2023-09-01 01:57:45,2024-06-14 01:57:45
260,6,Skil Cases,skil-cases,2023-12-17 22:13:02,2024-05-07 22:13:02
261,12,Basic Planes Collection,basic-planes-collection,2024-03-07 21:05:59,2024-08-19 21:05:59
262,9,Battery-Powered Voltage Testers,battery-powered-voltage-testers,2024-07-09 15:21:39,2025-01-12 15:21:39
263,10,Budget Faucet Keys Set,budget-faucet-keys-set,2023-10-23 16:09:39,2024-03-27 16:09:39
264,11,Welding Machines,welding-machines,2024-04-08 13:25:03,2025-02-02 13:25:03
265,7,Irwin Pneumatic Tire Tools,irwin-pneumatic-tire-tools,2024-10-03 04:31:51,2024-11-21 04:31:51
266,12,Essential Chisels Line,essential-chisels-line,2025-03-09 19:32:17,2025-07-17 19:32:17
267,4,Kobalt Laser Measures,kobalt-laser-measures,2025-05-15 02:37:22,2025-07-01 02:37:22
268,8,First Aid Kits,first-aid-kits,2023-09-14 17:49:37,2024-01-19 17:49:37
269,11,Electrode Holders,electrode-holders,2023-08-04 07:11:18,2024-04-05 07:11:18
270,9,Budget Soldering Irons Kit,budget-soldering-irons-kit,2023-07-01 17:28:56,2023-07-06 17:28:56
271,2,Stanley Contractor Pliers,stanley-contractor-pliers,2025-01-02 06:07:20,2025-06-25 06:07:20
272,7,Dremel Oil Change Tools,dremel-oil-change-tools,2024-04-21 02:52:31,2025-03-28 02:52:31
273,8,First Aid Kits,first-aid-kits,2023-09-02 05:20:58,2024-01-23 05:20:58
274,5,Box Cutters,box-cutters,2023-07-06 13:40:33,2024-01-17 13:40:33
275,11,Milwaukee Compact Welding Machines,milwaukee-compact-welding-machines,2025-03-24 22:31:15,2025-03-25 22:31:15
276,9,Accessories Multimeters Line,accessories-multimeters-line,2024-08-08 15:40:38,2025-08-04 15:40:38
277,15,Corded Roofing Tools Kit,corded-roofing-tools-kit,2023-07-29 12:49:03,2023-08-20 12:49:03
278,15,DeWalt Drywall Tools,dewalt-drywall-tools,2025-05-26 15:06:55,2026-01-08 15:06:55
279,6,Skil Commercial Shelving,skil-commercial-shelving,2024-08-01 14:54:16,2025-01-08 14:54:16
280,4,Laser Measures,laser-measures,2024-05-19 23:54:41,2024-08-25 23:54:41
281,5,Dremel Basic Snips,dremel-basic-snips,2024-03-26 08:17:11,2024-04-12 08:17:11
282,11,Manual Welding Helmets,manual-welding-helmets,2024-08-08 12:49:47,2025-05-02 12:49:47
283,13,Metabo Heavy Duty Drop Cloths,metabo-heavy-duty-drop-cloths,2024-10-08 15:16:22,2025-05-11 15:16:22
284,10,Garage Faucet Keys,garage-faucet-keys,2023-12-09 11:40:21,2024-01-13 11:40:21
285,8,Hart Helmets,hart-helmets,2024-11-15 10:57:23,2025-08-26 10:57:23
286,5,Adjustable Scissors Collection,adjustable-scissors-collection,2023-11-25 11:29:23,2024-01-30 11:29:23
287,10,Drain Snakes,drain-snakes,2023-09-04 05:05:38,2024-03-03 05:05:38
288,2,Worx Screwdrivers,worx-screwdrivers,2024-03-21 14:47:31,2024-11-10 14:47:31
289,8,Helmets,helmets,2023-09-10 23:18:56,2024-01-13 23:18:56
290,5,Snips,snips,2024-11-11 07:29:59,2025-09-28 07:29:59
291,5,Ergonomic Scissors,ergonomic-scissors,2025-05-15 04:45:28,2025-05-20 04:45:28
292,4,Bosch Automatic Calipers,bosch-automatic-calipers,2025-02-28 19:56:41,2026-01-08 19:56:41
293,3,Ryobi Lawn Mowers,ryobi-lawn-mowers,2025-02-04 03:10:29,2025-07-07 03:10:29
294,9,Basic Multimeters,basic-multimeters,2023-12-20 03:37:18,2024-05-12 03:37:18
295,13,Bench Top Trays Kit,bench-top-trays-kit,2025-05-11 18:14:26,2026-03-13 18:14:26
296,11,Metabo Budget Welding Helmets,metabo-budget-welding-helmets,2024-05-31 11:42:52,2025-03-21 11:42:52
297,10,Rechargeable Pipe Wrenches,rechargeable-pipe-wrenches,2024-03-10 13:09:52,2024-06-08 13:09:52
298,10,Dremel Pipe Wrenches,dremel-pipe-wrenches,2025-06-19 03:42:45,2025-07-31 03:42:45
299,10,Professional Faucet Keys Set,professional-faucet-keys-set,2024-11-07 01:49:00,2025-05-18 01:49:00
300,4,Dremel Calipers,dremel-calipers,2023-11-14 21:37:13,2023-12-08 21:37:13
301,11,Stanley Welding Gloves,stanley-welding-gloves,2023-08-08 16:18:07,2024-05-02 16:18:07
302,15,Professional Scaffolding,professional-scaffolding,2025-02-10 09:18:09,2025-08-16 09:18:09
303,12,Heavy Duty Router Bits Collection,heavy-duty-router-bits-collection,2023-12-08 18:04:15,2024-06-08 18:04:15
304,2,Porter-Cable Premium Wrenches,porter-cable-premium-wrenches,2024-11-28 06:16:12,2025-04-26 06:16:12
305,6,Organizers,organizers,2024-03-22 11:20:22,2024-09-13 11:20:22
306,2,Skil Corded Hammers,skil-corded-hammers,2024-12-14 22:02:37,2025-06-28 22:02:37
307,11,Welding Machines,welding-machines,2024-05-08 19:17:56,2025-02-26 19:17:56
308,13,Drop Cloths,drop-cloths,2025-02-19 19:40:10,2025-03-06 19:40:10
309,15,Kobalt Ladders,kobalt-ladders,2024-02-18 11:48:52,2024-05-17 11:48:52
310,13,Handheld Tape Set,handheld-tape-set,2024-07-16 02:37:52,2024-09-27 02:37:52
311,2,Kobalt Hammers,kobalt-hammers,2025-03-03 15:38:31,2026-02-04 15:38:31
312,4,Stand-Alone Rulers,stand-alone-rulers,2024-05-25 08:37:10,2025-02-21 08:37:10
313,5,Glass Cutters,glass-cutters,2025-05-11 07:09:12,2026-04-22 07:09:12
314,6,Ryobi Shelving,ryobi-shelving,2024-12-20 14:31:06,2025-09-23 14:31:06
315,1,Hilti Smart Routers,hilti-smart-routers,2024-01-19 17:15:37,2025-01-18 17:15:37
316,12,Home Router Bits Series,home-router-bits-series,2025-05-16 00:09:38,2025-08-23 00:09:38
317,10,Makita Kits Drain Snakes,makita-kits-drain-snakes,2024-09-15 16:30:05,2025-06-05 16:30:05
318,10,Snap-on Adjustable Faucet Keys,snap-on-adjustable-faucet-keys,2024-03-06 01:21:59,2024-10-27 01:21:59
319,15,Black & Decker Roofing Tools,black-&-decker-roofing-tools,2025-04-15 13:55:49,2025-08-23 13:55:49
320,15,Wall-Mounted Drywall Tools,wall-mounted-drywall-tools,2025-02-12 10:18:08,2025-03-10 10:18:08
321,6,Porter-Cable Parts Toolboxes,porter-cable-parts-toolboxes,2025-03-18 09:23:27,2026-03-17 09:23:27
322,2,All-Purpose Screwdrivers,all-purpose-screwdrivers,2024-06-11 16:01:51,2025-04-04 16:01:51
323,11,Stand-Alone Welding Clamps Kit,stand-alone-welding-clamps-kit,2023-12-03 23:11:33,2024-03-21 23:11:33
324,2,Ridgid Screwdrivers,ridgid-screwdrivers,2023-12-22 02:21:49,2024-08-10 02:21:49
325,4,Hart Entry-Level Levels,hart-entry-level-levels,2024-12-05 02:41:43,2025-05-29 02:41:43
326,2,Wrenches,wrenches,2024-10-31 12:31:31,2025-09-07 12:31:31
327,2,Worx Accessories Screwdrivers,worx-accessories-screwdrivers,2025-03-09 04:38:15,2025-05-27 04:38:15
328,9,Porter-Cable Rechargeable Multimeters,porter-cable-rechargeable-multimeters,2025-03-28 02:37:58,2025-08-28 02:37:58
329,10,All-Purpose Drain Snakes,all-purpose-drain-snakes,2024-07-10 16:00:29,2025-04-30 16:00:29
330,8,Parts Masks Kit,parts-masks-kit,2024-06-19 02:20:04,2025-05-29 02:20:04
331,2,Worx Chisels,worx-chisels,2024-01-10 03:34:22,2024-05-24 03:34:22
332,4,Makita Adjustable Levels,makita-adjustable-levels,2024-11-13 19:06:46,2025-09-17 19:06:46
333,14,Portable Pressure Washers Series,portable-pressure-washers-series,2025-01-10 07:34:21,2025-01-21 07:34:21
334,13,Tape,tape,2024-10-13 23:04:15,2024-11-27 23:04:15
335,2,Wrenches,wrenches,2023-08-12 15:23:36,2024-02-09 15:23:36
336,3,Shovels,shovels,2023-09-11 01:29:27,2024-02-13 01:29:27
337,7,Diagnostic Tools,diagnostic-tools,2024-02-23 09:33:07,2024-04-23 09:33:07
338,1,Contractor Drills,contractor-drills,2024-04-26 16:43:32,2024-04-26 16:43:32
339,12,Ridgid Industrial Carving Tools,ridgid-industrial-carving-tools,2023-09-06 19:03:19,2024-05-20 19:03:19
340,11,Welding Machines,welding-machines,2024-12-16 06:46:08,2025-10-24 06:46:08
341,11,Basic Welding Helmets Set,basic-welding-helmets-set,2025-05-24 07:33:09,2026-01-21 07:33:09
342,10,Heavy Duty Drain Snakes,heavy-duty-drain-snakes,2025-06-05 21:32:34,2025-06-11 21:32:34
343,11,Deluxe Welding Gloves Series,deluxe-welding-gloves-series,2023-07-10 13:59:41,2023-11-20 13:59:41
344,4,DeWalt Angle Finders,dewalt-angle-finders,2024-03-23 20:01:07,2025-03-17 20:01:07
345,4,Ridgid Commercial Squares,ridgid-commercial-squares,2025-04-21 15:13:45,2026-01-25 15:13:45
346,8,Corded Masks,corded-masks,2024-04-11 00:27:28,2025-03-24 00:27:28
347,7,Professional Diagnostic Tools Line,professional-diagnostic-tools-line,2024-02-28 18:40:36,2024-08-12 18:40:36
348,15,Pneumatic Scaffolding Pack,pneumatic-scaffolding-pack,2024-08-02 10:03:51,2025-07-17 10:03:51
349,7,Makita Portable Tire Tools,makita-portable-tire-tools,2024-08-20 13:43:26,2025-01-13 13:43:26
350,4,Automatic Laser Measures,automatic-laser-measures,2023-09-04 22:10:11,2023-12-23 22:10:11
351,13,Drop Cloths,drop-cloths,2024-05-29 16:12:07,2025-03-21 16:12:07
352,7,Husky Diagnostic Tools,husky-diagnostic-tools,2025-06-08 21:24:54,2025-09-15 21:24:54
353,7,Oil Change Tools,oil-change-tools,2024-04-24 16:45:04,2024-05-28 16:45:04
354,9,Essential Wire Strippers Kit,essential-wire-strippers-kit,2024-12-16 15:55:26,2025-03-06 15:55:26
355,11,Specialty Electrode Holders Kit,specialty-electrode-holders-kit,2023-06-27 06:45:31,2023-08-20 06:45:31
356,5,Skil Snips,skil-snips,2023-11-26 20:40:36,2024-11-04 20:40:36
357,7,Tire Tools,tire-tools,2025-03-14 16:38:49,2025-06-20 16:38:49
358,13,Trays,trays,2023-10-05 01:36:11,2024-05-02 01:36:11
359,3,Rechargeable Hoses,rechargeable-hoses,2025-03-01 18:03:34,2025-10-28 18:03:34
360,5,Skil Saws,skil-saws,2023-10-09 08:48:40,2024-09-14 08:48:40
361,2,Clamps,clamps,2023-06-29 22:57:21,2023-08-09 22:57:21
362,8,Hitachi Safety Glasses,hitachi-safety-glasses,2024-07-09 20:17:26,2024-08-02 20:17:26
363,12,Craftsman Wood Lathes,craftsman-wood-lathes,2024-09-15 13:18:56,2025-05-23 13:18:56
364,1,Worx Drills,worx-drills,2024-05-03 22:55:40,2024-11-19 22:55:40
365,15,Kobalt Ladders,kobalt-ladders,2024-06-19 11:29:41,2024-08-12 11:29:41
366,7,Budget Battery Tools,budget-battery-tools,2023-07-12 18:19:57,2023-08-05 18:19:57
367,12,Planes,planes,2023-10-02 14:02:05,2024-07-26 14:02:05
368,4,Professional Calipers,professional-calipers,2025-03-07 11:14:17,2025-03-20 11:14:17
369,14,Adjustable Vacuums,adjustable-vacuums,2025-04-14 08:33:54,2025-07-19 08:33:54
370,11,Contractor Welding Gloves Line,contractor-welding-gloves-line,2024-06-28 16:38:58,2024-07-09 16:38:58
371,3,Hoses,hoses,2024-05-04 11:57:34,2024-10-23 11:57:34
372,4,Laser Measures,laser-measures,2023-09-10 01:01:01,2023-11-03 01:01:01
373,12,DIY Carving Tools,diy-carving-tools,2024-11-06 15:11:11,2025-07-06 15:11:11
374,3,Heavy Duty Wheelbarrows,heavy-duty-wheelbarrows,2025-02-04 20:58:30,2025-04-17 20:58:30
375,1,Industrial Grinders,industrial-grinders,2025-05-01 01:37:52,2025-08-15 01:37:52
376,5,Snips,snips,2024-10-13 09:46:39,2025-05-21 09:46:39
377,15,Porter-Cable Extendable Roofing Tools,porter-cable-extendable-roofing-tools,2024-01-30 01:21:46,2024-10-22 01:21:46
378,6,Hilti Heavy Duty Cabinets,hilti-heavy-duty-cabinets,2024-07-08 03:12:44,2024-09-13 03:12:44
379,10,Electric Pipe Benders Pack,electric-pipe-benders-pack,2024-08-11 00:55:46,2025-03-10 00:55:46
380,10,Tacklife Premium Pipe Cutters,tacklife-premium-pipe-cutters,2025-04-01 23:57:55,2026-03-17 23:57:55
381,14,Ergonomic Brooms,ergonomic-brooms,2024-07-27 13:03:44,2025-02-01 13:03:44
382,1,Adjustable Sanders Kit,adjustable-sanders-kit,2023-12-01 12:46:23,2024-02-04 12:46:23
383,4,Black & Decker Levels,black-&-decker-levels,2025-05-15 18:31:42,2026-01-31 18:31:42
384,10,Dremel Pipe Cutters,dremel-pipe-cutters,2024-06-18 02:19:00,2024-08-28 02:19:00
385,5,Hilti DIY Bolt Cutters,hilti-diy-bolt-cutters,2025-06-14 21:54:45,2026-02-16 21:54:45
386,14,Workshop Pressure Washers Line,workshop-pressure-washers-line,2025-02-08 16:51:45,2025-04-21 16:51:45
387,3,Irwin Rakes,irwin-rakes,2025-03-09 05:14:13,2026-03-09 05:14:13
388,5,Worx Bolt Cutters,worx-bolt-cutters,2023-10-09 07:53:48,2023-10-25 07:53:48
389,4,Klein Angle Finders,klein-angle-finders,2024-01-15 15:36:39,2024-07-15 15:36:39
390,1,All-Purpose Impact Wrenches,all-purpose-impact-wrenches,2023-09-01 05:48:04,2024-08-27 05:48:04
391,4,Specialty Rulers,specialty-rulers,2023-09-22 03:51:07,2023-12-26 03:51:07
392,4,Festool Automatic Calipers,festool-automatic-calipers,2025-03-13 08:08:56,2025-05-07 08:08:56
393,6,Toolboxes,toolboxes,2024-04-08 06:48:12,2025-01-16 06:48:12
394,5,Craftsman Adjustable Pipe Cutters,craftsman-adjustable-pipe-cutters,2024-11-03 17:00:12,2025-08-01 17:00:12
395,1,Saws,saws,2025-04-29 06:59:53,2025-07-01 06:59:53
396,4,Snap-on Cordless Calipers,snap-on-cordless-calipers,2025-01-05 14:51:21,2025-10-17 14:51:21
397,2,Irwin Chisels,irwin-chisels,2023-08-07 22:51:34,2024-01-17 22:51:34
398,15,Ladders,ladders,2023-12-01 18:51:29,2024-07-16 18:51:29
399,8,Ear Protection,ear-protection,2025-04-17 20:17:53,2025-09-06 20:17:53
400,4,Ergonomic Angle Finders Kit,ergonomic-angle-finders-kit,2023-11-20 14:11:20,2024-10-18 14:11:20
401,13,DeWalt Workshop Brushes,dewalt-workshop-brushes,2024-01-28 00:24:18,2024-12-07 00:24:18
402,5,Ridgid Saws,ridgid-saws,2023-10-14 10:26:49,2023-11-14 10:26:49
403,10,Deluxe Pipe Wrenches,deluxe-pipe-wrenches,2025-06-02 04:01:31,2025-09-23 04:01:31
404,2,Festool DIY Clamps,festool-diy-clamps,2025-05-23 06:00:16,2025-12-24 06:00:16
405,7,Heavy Duty Socket Sets,heavy-duty-socket-sets,2025-04-20 01:38:19,2026-04-01 01:38:19
406,12,Wood Lathes,wood-lathes,2024-06-05 00:32:30,2024-07-08 00:32:30
407,14,Scrubbers,scrubbers,2024-04-12 00:45:16,2024-10-24 00:45:16
408,5,Snips,snips,2025-04-01 03:16:27,2025-04-06 03:16:27
409,4,Squares,squares,2024-11-24 09:25:15,2025-08-06 09:25:15
410,14,Makita Folding Pressure Washers,makita-folding-pressure-washers,2024-03-27 13:53:04,2024-07-20 13:53:04
411,5,Premium Scissors Series,premium-scissors-series,2023-10-16 05:36:36,2024-04-23 05:36:36
412,15,Cordless Scaffolding Collection,cordless-scaffolding-collection,2025-02-06 12:22:55,2025-11-04 12:22:55
413,2,Manual Wrenches Kit,manual-wrenches-kit,2024-01-02 00:05:42,2024-08-19 00:05:42
414,2,Manual Utility Knives Series,manual-utility-knives-series,2024-01-26 07:27:36,2024-05-27 07:27:36
415,6,Bags,bags,2023-08-03 21:14:40,2023-10-18 21:14:40
416,7,Stand-Alone Oil Change Tools,stand-alone-oil-change-tools,2025-06-14 17:18:35,2025-07-24 17:18:35
417,8,Manual Vests Kit,manual-vests-kit,2024-08-17 05:53:09,2025-05-20 05:53:09
418,9,Ryobi Soldering Irons,ryobi-soldering-irons,2023-09-17 14:18:59,2024-02-13 14:18:59
419,7,Skil Battery Tools,skil-battery-tools,2023-07-20 16:37:17,2024-03-29 16:37:17
420,8,Stanley Bench Top Safety Glasses,stanley-bench-top-safety-glasses,2025-01-11 12:18:35,2025-06-13 12:18:35
421,12,Festool Wood Lathes,festool-wood-lathes,2024-08-20 16:23:56,2025-07-20 16:23:56
422,7,Hitachi Tire Tools,hitachi-tire-tools,2025-05-31 18:17:56,2025-11-18 18:17:56
423,2,Basic Chisels,basic-chisels,2023-07-09 08:13:35,2023-10-24 08:13:35
424,13,Commercial Paint Mixers Line,commercial-paint-mixers-line,2025-06-07 02:54:52,2025-12-13 02:54:52
425,2,Irwin Digital Screwdrivers,irwin-digital-screwdrivers,2023-09-22 23:08:39,2024-03-28 23:08:39
426,13,Tape,tape,2024-12-01 16:48:17,2025-03-10 16:48:17
427,15,Smart Scaffolding Kit,smart-scaffolding-kit,2023-12-21 17:05:26,2024-10-19 17:05:26
428,9,Corded Multimeters Set,corded-multimeters-set,2024-02-16 20:01:58,2024-03-06 20:01:58
429,3,Handheld Hoses Series,handheld-hoses-series,2025-02-20 02:20:44,2025-09-29 02:20:44
430,15,Drywall Tools,drywall-tools,2024-03-07 06:46:18,2024-08-01 06:46:18
431,13,Tape,tape,2025-03-28 20:50:53,2025-10-18 20:50:53
432,14,Stanley Buckets,stanley-buckets,2024-06-18 00:21:54,2024-12-23 00:21:54
433,12,Snap-on Chisels,snap-on-chisels,2025-02-20 01:57:08,2025-10-11 01:57:08
434,1,All-Purpose Impact Wrenches,all-purpose-impact-wrenches,2024-01-05 05:46:42,2025-01-03 05:46:42
435,14,Entry-Level Dusters,entry-level-dusters,2024-09-02 13:57:05,2025-01-01 13:57:05
436,10,Industrial Plungers,industrial-plungers,2024-04-06 05:36:48,2025-02-13 05:36:48
437,9,Hart Compact Soldering Irons,hart-compact-soldering-irons,2023-10-20 12:29:26,2024-09-06 12:29:26
438,3,All-Purpose Sprinklers Series,all-purpose-sprinklers-series,2025-02-23 23:28:25,2025-04-29 23:28:25
439,10,Stanley Faucet Keys,stanley-faucet-keys,2023-11-29 16:52:56,2024-06-23 16:52:56
440,12,Porter-Cable Budget Sanders,porter-cable-budget-sanders,2024-01-31 10:01:12,2024-08-21 10:01:12
441,10,Deluxe Pipe Cutters Collection,deluxe-pipe-cutters-collection,2025-01-03 19:06:47,2025-03-24 19:06:47
442,5,Heavy Duty Pipe Cutters Series,heavy-duty-pipe-cutters-series,2024-02-20 12:42:24,2024-02-27 12:42:24
443,7,Klein Portable Battery Tools,klein-portable-battery-tools,2024-06-18 13:54:37,2025-03-19 13:54:37
444,9,Metabo Soldering Irons,metabo-soldering-irons,2023-12-03 18:29:42,2024-09-12 18:29:42
445,15,Precision Ladders Line,precision-ladders-line,2023-12-31 01:14:39,2024-05-18 01:14:39
446,9,Soldering Irons,soldering-irons,2025-04-08 04:17:27,2025-06-01 04:17:27
447,11,Hitachi Electrode Holders,hitachi-electrode-holders,2024-12-20 04:43:26,2025-03-24 04:43:26
448,9,Wire Strippers,wire-strippers,2024-07-12 11:09:50,2025-06-13 11:09:50
449,12,Hydraulic Sanders Collection,hydraulic-sanders-collection,2024-05-13 05:07:50,2024-05-15 05:07:50
450,9,Deluxe Circuit Testers,deluxe-circuit-testers,2025-02-17 15:09:49,2025-10-26 15:09:49
451,5,Ergonomic Pipe Cutters Series,ergonomic-pipe-cutters-series,2023-07-31 01:35:28,2024-01-19 01:35:28
452,8,Safety Glasses,safety-glasses,2025-04-09 07:23:46,2026-03-02 07:23:46
453,12,Irwin Adjustable Router Bits,irwin-adjustable-router-bits,2023-08-04 16:31:22,2023-08-10 16:31:22
454,10,Ridgid Commercial Pipe Benders,ridgid-commercial-pipe-benders,2025-04-13 09:55:23,2026-03-16 09:55:23
455,10,Ergonomic Pipe Cutters Pack,ergonomic-pipe-cutters-pack,2023-09-22 14:00:03,2023-09-28 14:00:03
456,1,Hart Premium Saws,hart-premium-saws,2025-04-14 23:44:41,2025-07-30 23:44:41
457,13,Cordless Tape Line,cordless-tape-line,2024-09-11 11:30:25,2025-03-26 11:30:25
458,3,DeWalt Handheld Sprinklers,dewalt-handheld-sprinklers,2024-11-30 06:35:42,2025-09-06 06:35:42
459,8,Portable Ear Protection,portable-ear-protection,2025-03-08 20:46:35,2025-12-22 20:46:35
460,5,Saws,saws,2024-07-23 16:54:54,2025-01-02 16:54:54
461,6,Ridgid Cases,ridgid-cases,2024-08-21 02:46:28,2025-07-09 02:46:28
462,4,Ridgid Automatic Levels,ridgid-automatic-levels,2024-03-05 17:57:10,2024-12-10 17:57:10
463,13,Tape,tape,2024-02-11 23:01:30,2024-05-26 23:01:30
464,2,Ergonomic Files Line,ergonomic-files-line,2024-01-21 20:01:36,2024-07-20 20:01:36
465,13,Tape,tape,2025-04-05 14:18:30,2025-07-17 14:18:30
466,9,Circuit Testers,circuit-testers,2025-03-14 14:53:26,2025-05-22 14:53:26
467,14,Festool Handheld Mops,festool-handheld-mops,2023-12-25 18:52:30,2024-08-30 18:52:30
468,5,Sets Glass Cutters,sets-glass-cutters,2025-04-29 16:54:56,2025-12-10 16:54:56
469,6,Cordless Cases Collection,cordless-cases-collection,2025-05-04 00:12:16,2025-05-23 00:12:16
470,7,Hart Stand-Alone Car Jacks,hart-stand-alone-car-jacks,2023-11-27 02:37:09,2024-05-04 02:37:09
471,10,Hitachi Faucet Keys,hitachi-faucet-keys,2025-05-01 20:31:17,2025-05-03 20:31:17
472,10,Pipe Benders,pipe-benders,2024-01-25 13:18:32,2024-08-11 13:18:32
473,11,Specialty Electrode Holders,specialty-electrode-holders,2024-04-23 16:53:40,2024-08-09 16:53:40
474,9,Corded Voltage Testers,corded-voltage-testers,2023-09-07 05:14:45,2024-05-08 05:14:45
475,3,Kits Lawn Mowers Set,kits-lawn-mowers-set,2023-07-05 16:34:33,2023-09-01 16:34:33
476,9,Tacklife Wire Strippers,tacklife-wire-strippers,2024-11-02 04:04:29,2025-07-11 04:04:29
477,8,Helmets,helmets,2024-12-31 00:37:21,2025-05-06 00:37:21
478,13,Ryobi Manual Drop Cloths,ryobi-manual-drop-cloths,2023-10-11 04:16:01,2023-11-27 04:16:01
479,15,Skil Multi-Purpose Ladders,skil-multi-purpose-ladders,2025-01-22 12:04:32,2025-07-07 12:04:32
480,14,Husky Battery-Powered Mops,husky-battery-powered-mops,2024-04-12 09:39:24,2025-03-23 09:39:24
481,13,Rollers,rollers,2025-01-26 18:15:53,2025-06-29 18:15:53
482,7,Diagnostic Tools,diagnostic-tools,2025-05-30 15:18:10,2025-10-13 15:18:10
483,6,Ergonomic Cases,ergonomic-cases,2023-10-08 07:21:56,2024-08-16 07:21:56
484,10,DeWalt Pipe Benders,dewalt-pipe-benders,2025-01-20 01:40:39,2025-04-14 01:40:39
485,6,Hitachi Battery-Powered Toolboxes,hitachi-battery-powered-toolboxes,2024-04-02 06:41:34,2024-07-09 06:41:34
486,14,Bench Top Dusters Collection,bench-top-dusters-collection,2024-11-17 01:21:24,2025-05-10 01:21:24
487,8,Contractor Masks Series,contractor-masks-series,2024-05-13 20:36:21,2024-07-20 20:36:21
488,13,Rollers,rollers,2023-07-30 13:16:23,2023-09-16 13:16:23
489,10,Essential Pipe Wrenches Set,essential-pipe-wrenches-set,2024-01-29 16:06:30,2024-04-19 16:06:30
490,7,Handheld Tire Tools Line,handheld-tire-tools-line,2025-02-23 14:57:51,2025-10-24 14:57:51
491,14,Stanley Pressure Washers,stanley-pressure-washers,2023-12-21 19:32:45,2024-11-13 19:32:45
492,4,Husky Pneumatic Angle Finders,husky-pneumatic-angle-finders,2023-08-28 23:53:01,2024-03-25 23:53:01
493,14,Precision Brooms,precision-brooms,2024-01-25 08:24:07,2024-08-28 08:24:07
494,15,Irwin Drywall Tools,irwin-drywall-tools,2023-08-27 04:05:50,2024-01-09 04:05:50
495,8,Festool First Aid Kits,festool-first-aid-kits,2024-10-04 19:22:28,2025-03-17 19:22:28
496,12,Folding Saws Collection,folding-saws-collection,2024-07-18 01:14:10,2025-03-31 01:14:10
497,11,Heavy Duty Welding Gloves Collection,heavy-duty-welding-gloves-collection,2024-12-21 14:48:46,2025-12-17 14:48:46
498,11,Rechargeable Welding Clamps,rechargeable-welding-clamps,2023-12-22 07:20:32,2024-06-12 07:20:32
499,1,Worx Routers,worx-routers,2023-12-19 03:18:07,2024-09-09 03:18:07
500,10,Industrial Pipe Cutters,industrial-pipe-cutters,2025-01-27 00:58:48,2025-05-24 00:58:48
